Date,FTSE100,Rtn
1/3/1995,3065.7,0.00021692
1/4/1995,3051.6,-0.004609885
1/5/1995,3032.3,-0.006344636
1/6/1995,3065,0.010726162
1/9/1995,3055.8,-0.003006145
1/10/1995,3060.4,0.001504202
1/11/1995,3049.4,-0.003600776
1/12/1995,3033.2,-0.005326682
1/13/1995,3048.3,0.00496589
1/16/1995,3076.7,0.009273536
1/17/1995,3054,-0.007405387
1/18/1995,3054.9,0.000294652
1/19/1995,3028.6,-0.008646392
1/20/1995,2995.9,-0.010855779
1/23/1995,2954.2,-0.014016801
1/24/1995,2969,0.004997309
1/25/1995,2982.2,0.004436087
1/26/1995,3007.3,0.008381383
1/27/1995,3022.2,0.004942377
1/30/1995,2995.9,-0.008740356
1/31/1995,2991.6,-0.001436326
2/1/1995,3017.3,0.00855403
2/2/1995,3034.7,0.005750181
2/3/1995,3059.7,0.008204299
2/6/1995,3062,0.000751425
2/7/1995,3072.7,0.003488357
2/8/1995,3072.5,-6.50915E-05
2/9/1995,3099,0.008587916
2/10/1995,3109.9,0.003511093
2/13/1995,3081.1,-0.009303895
2/14/1995,3071.3,-0.003185751
2/15/1995,3074.9,0.001171456
2/16/1995,3051.1,-0.007770199
2/17/1995,3044.2,-0.00226404
2/20/1995,3018.6,-0.008444993
2/21/1995,3023.4,0.001588878
2/22/1995,3019.5,-0.001290771
2/23/1995,3049.3,0.009820801
2/24/1995,3037.7,-0.003811406
2/27/1995,3025.3,-0.00409039
2/28/1995,3009.3,-0.005302767
3/1/1995,3041.2,0.010544681
3/2/1995,3038.2,-0.00098694
3/3/1995,3025.1,-0.004321086
3/6/1995,3001.9,-0.007698727
3/7/1995,2977,-0.008329339
3/8/1995,2992.1,0.0050594
3/9/1995,2986.9,-0.001739422
3/10/1995,3021.1,0.011384943
3/13/1995,3011.8,-0.003083097
3/14/1995,3050.6,0.012800386
3/15/1995,3047,-0.001180793
3/16/1995,3094.1,0.015339572
3/17/1995,3089.3,-0.001552544
3/20/1995,3124.2,0.011233722
3/21/1995,3135,0.003450924
3/22/1995,3139.7,0.00149808
3/23/1995,3136.4,-0.001051609
3/24/1995,3153.4,0.00540559
3/27/1995,3149.8,-0.001142277
3/28/1995,3128.3,-0.006849233
3/29/1995,3142.3,0.00446529
3/30/1995,3176.2,0.010730498
3/31/1995,3137.9,-0.012131727
4/3/1995,3143.1,0.001655788
4/4/1995,3188.1,0.014215554
4/5/1995,3190.2,0.000658483
4/6/1995,3200.9,0.00334841
4/7/1995,3210.9,0.003119251
4/10/1995,3204.2,-0.002088822
4/11/1995,3190.9,-0.004159441
4/12/1995,3209.8,0.005905621
4/13/1995,3208.8,-0.000311594
4/18/1995,3194.5,-0.004466454
4/19/1995,3170.1,-0.007667448
4/20/1995,3174.7,0.001450007
4/21/1995,3199.9,0.00790642
4/24/1995,3209.3,0.002933286
4/25/1995,3214.9,0.001743408
4/26/1995,3226.2,0.003508721
4/27/1995,3217.6,-0.002669234
4/28/1995,3216.7,-0.000279751
5/1/1995,3220.4,0.001149586
5/2/1995,3248.2,0.008595421
5/3/1995,3262.6,0.004423427
5/4/1995,3264.3,0.000520921
5/5/1995,3251.7,-0.003867408
5/9/1995,3261.2,0.002917289
5/10/1995,3290.1,0.008822734
5/11/1995,3317.9,0.008414093
5/12/1995,3310.3,-0.002293233
5/15/1995,3310.7,0.000120828
5/16/1995,3300.8,-0.002994784
5/17/1995,3297.4,-0.001030584
5/18/1995,3285.8,-0.003524126
5/19/1995,3261,-0.007576257
5/22/1995,3284.5,0.007180537
5/23/1995,3291.8,0.002220094
5/24/1995,3327.3,0.010726637
5/25/1995,3328.2,0.000270453
5/26/1995,3311.1,-0.005151157
5/30/1995,3309.9,-0.000362483
5/31/1995,3319.4,0.002866066
6/1/1995,3340.6,0.006366388
6/2/1995,3345,0.001316262
6/5/1995,3376.6,0.009402592
6/6/1995,3380,0.001006423
6/7/1995,3370.8,-0.002725605
6/8/1995,3380.8,0.002962263
6/9/1995,3337.7,-0.012830421
6/12/1995,3344.6,0.002065158
6/13/1995,3348,0.001016048
6/14/1995,3339.8,-0.002452228
6/15/1995,3370.4,0.009120507
6/16/1995,3366.1,-0.001276628
6/19/1995,3381.3,0.004505447
6/20/1995,3377.2,-0.001213287
6/21/1995,3378.3,0.000325661
6/22/1995,3403.8,0.00751983
6/23/1995,3379.4,-0.007194276
6/26/1995,3309.2,-0.020991711
6/27/1995,3313.2,0.001208021
6/28/1995,3282.7,-0.009248235
6/29/1995,3294,0.003436377
6/30/1995,3314.6,0.006234321
7/3/1995,3323.7,0.002741668
7/4/1995,3349.2,0.007642891
7/5/1995,3394.9,0.013552794
7/6/1995,3388.3,-0.001945985
7/7/1995,3462.9,0.021778068
7/10/1995,3455,-0.002283931
7/11/1995,3464,0.002601533
7/12/1995,3450.6,-0.003875862
7/13/1995,3447.2,-0.000985822
7/14/1995,3429.2,-0.005235309
7/17/1995,3442.6,0.003900002
7/18/1995,3420.7,-0.006381791
7/19/1995,3405.3,-0.004512167
7/20/1995,3400.4,-0.00143997
7/21/1995,3413.1,0.003727897
7/24/1995,3431.6,0.005405655
7/25/1995,3432.9,0.00037876
7/26/1995,3454.3,0.006214447
7/27/1995,3458.3,0.001157307
7/28/1995,3468.9,0.003060402
7/31/1995,3463.3,-0.001615649
8/1/1995,3449.9,-0.003876647
8/2/1995,3499.9,0.014389152
8/3/1995,3475.6,-0.006967271
8/4/1995,3482.4,0.001954585
8/7/1995,3483.5,0.000315824
8/8/1995,3468.8,-0.004228823
8/9/1995,3468.3,-0.000144152
8/10/1995,3474.7,0.001843584
8/11/1995,3467.5,-0.002074271
8/14/1995,3441.4,-0.007555508
8/15/1995,3444.4,0.000871359
8/16/1995,3465.1,0.005991768
8/17/1995,3470.6,0.001585997
8/18/1995,3509.8,0.011231566
8/21/1995,3535.7,0.007352244
8/22/1995,3530.2,-0.001556773
8/23/1995,3515.9,-0.004058989
8/24/1995,3520,0.001165452
8/25/1995,3524.9,0.001391077
8/29/1995,3502.6,-0.006346517
8/30/1995,3504,0.000399623
8/31/1995,3477.8,-0.007505263
9/1/1995,3509.4,0.009045173
9/4/1995,3522.7,0.003782658
9/5/1995,3532.4,0.002749786
9/6/1995,3557.7,0.007136742
9/7/1995,3545.6,-0.003406871
9/8/1995,3554.5,0.002507008
9/11/1995,3549.3,-0.001464005
9/12/1995,3535.9,-0.003782537
9/13/1995,3570.8,0.009821796
9/14/1995,3565.4,-0.001513411
9/15/1995,3564.6,-0.000224404
9/18/1995,3533.3,-0.008819567
9/19/1995,3541.4,0.002289851
9/20/1995,3561.5,0.005659675
9/21/1995,3557.9,-0.001011321
9/22/1995,3514.8,-0.012187859
9/25/1995,3507,-0.002221653
9/26/1995,3523.3,0.004637079
9/27/1995,3485,-0.010930006
9/28/1995,3479,-0.001723148
9/29/1995,3508.2,0.008358189
10/2/1995,3520.2,0.003414721
10/3/1995,3524.2,0.001135654
10/4/1995,3544.1,0.005630789
10/5/1995,3544.4,8.46441E-05
10/6/1995,3526.5,-0.005063016
10/9/1995,3510.3,-0.004604374
10/10/1995,3460.1,-0.014404014
10/11/1995,3474.3,0.004095529
10/12/1995,3523.8,0.014146933
10/13/1995,3568,0.012465262
10/16/1995,3557.3,-0.003003385
10/17/1995,3562.2,0.001376501
10/18/1995,3593,0.008609177
10/19/1995,3578.6,-0.004015846
10/20/1995,3551.4,-0.007629771
10/23/1995,3531.5,-0.005619182
10/24/1995,3535.3,0.001075452
10/25/1995,3537.8,0.000706904
10/26/1995,3519.6,-0.005157718
10/27/1995,3497.9,-0.006184558
10/30/1995,3510,0.003453249
10/31/1995,3529.1,0.005426843
11/1/1995,3518.7,-0.002951278
11/2/1995,3523,0.001221296
11/3/1995,3500.4,-0.006435652
11/6/1995,3514.8,0.004105377
11/7/1995,3522.4,0.002159951
11/8/1995,3537.1,0.004164607
11/9/1995,3541.6,0.00127142
11/10/1995,3523.4,-0.00515217
11/13/1995,3536.8,0.003795931
11/14/1995,3547.9,0.003133516
11/15/1995,3571.4,0.006601797
11/16/1995,3610.8,0.010971679
11/17/1995,3609.2,-0.000443213
11/20/1995,3628.8,0.005415874
11/21/1995,3604.1,-0.006829929
11/22/1995,3632.4,0.007821501
11/23/1995,3602.5,-0.008265538
11/24/1995,3624,0.005950339
11/27/1995,3649,0.006874769
11/28/1995,3648.8,-5.4811E-05
11/29/1995,3655.5,0.001834536
11/30/1995,3664.3,0.002404438
12/1/1995,3664.3,0
12/4/1995,3669.7,0.001472594
12/5/1995,3664.2,-0.001499884
12/6/1995,3662.8,-0.000382148
12/7/1995,3639.5,-0.006381573
12/8/1995,3630,-0.002613661
12/11/1995,3652.1,0.006069696
12/12/1995,3654.9,0.000766388
12/13/1995,3662.4,0.002049937
12/14/1995,3671.6,0.002508864
12/15/1995,3642.6,-0.007929822
12/18/1995,3596.1,-0.012847787
12/19/1995,3576.9,-0.005353421
12/20/1995,3613.7,0.010235675
12/21/1995,3633.3,0.005409148
12/22/1995,3658.3,0.006857232
12/27/1995,3676.4,0.004935454
12/28/1995,3676.7,8.15982E-05
12/29/1995,3689.3,0.003421127
1/2/1996,3687.9,-0.000379548
1/3/1996,3715.6,0.007482982
1/4/1996,3714.1,-0.000403785
1/5/1996,3704.5,-0.002588091
1/8/1996,3720.6,0.004336649
1/9/1996,3720.6,0
1/10/1996,3671.5,-0.013284648
1/11/1996,3654.9,-0.004531565
1/12/1996,3657.3,0.000656437
1/15/1996,3662.7,0.00147541
1/16/1996,3710.6,0.012993008
1/17/1996,3704.2,-0.001726278
1/18/1996,3748.7,0.011941802
1/19/1996,3748.4,-8.00309E-05
1/22/1996,3754.2,0.001546131
1/23/1996,3735,-0.005127395
1/24/1996,3758.2,0.006192301
1/25/1996,3734.2,-0.006406514
1/26/1996,3734.7,0.000133889
1/29/1996,3734.6,-2.67763E-05
1/30/1996,3735.3,0.000187419
1/31/1996,3759.3,0.006404633
2/1/1996,3752.8,-0.001730542
2/2/1996,3781.3,0.007565638
2/5/1996,3746.6,-0.009219104
2/6/1996,3747.5,0.000240189
2/7/1996,3726.1,-0.005726841
2/8/1996,3708.4,-0.004761594
2/9/1996,3716.3,0.002128033
2/12/1996,3726.6,0.00276774
2/13/1996,3747.6,0.005619345
2/14/1996,3745,-0.000694018
2/15/1996,3779.8,0.009249481
2/16/1996,3770.9,-0.002357398
2/19/1996,3744.3,-0.007079016
2/20/1996,3714.6,-0.007963683
2/21/1996,3725.6,0.002956912
2/22/1996,3740,0.003857699
2/23/1996,3740.3,8.02107E-05
2/26/1996,3704.2,-0.009698511
2/27/1996,3715.9,0.003153599
2/28/1996,3738.2,0.005983302
2/29/1996,3727.6,-0.002839617
3/1/1996,3752.7,0.006710986
3/4/1996,3768.6,0.004227999
3/5/1996,3777.1,0.00225294
3/6/1996,3758.9,-0.004830158
3/7/1996,3758.2,-0.000186242
3/8/1996,3710.3,-0.012827383
3/11/1996,3674.5,-0.009695667
3/12/1996,3639.5,-0.009570759
3/13/1996,3640.3,0.000219786
3/14/1996,3681.8,0.011335667
3/15/1996,3644.8,-0.010100269
3/18/1996,3669.6,0.00678117
3/19/1996,3693,0.006356472
3/20/1996,3685.4,-0.002060068
3/21/1996,3698.3,0.003494187
3/22/1996,3707,0.00234967
3/25/1996,3681.9,-0.006794001
3/26/1996,3660.9,-0.005719904
3/27/1996,3672.4,0.00313638
3/28/1996,3672.6,5.44588E-05
3/29/1996,3699.7,0.007351877
4/1/1996,3718.4,0.005041733
4/2/1996,3728.5,0.00271254
4/3/1996,3725.1,-0.000912311
4/4/1996,3755.6,0.008154362
4/9/1996,3758.6,0.000798488
4/10/1996,3767.4,0.002338561
4/11/1996,3744.2,-0.006177132
4/12/1996,3766.8,0.006017859
4/15/1996,3790.5,0.006272102
4/16/1996,3825.3,0.009138959
4/17/1996,3805.6,-0.005163229
4/18/1996,3820.7,0.003959986
4/19/1996,3857.1,0.009481954
4/22/1996,3852.7,-0.001141405
4/23/1996,3833,-0.005126415
4/24/1996,3817.6,-0.004025833
4/25/1996,3819.3,0.000445207
4/26/1996,3832.8,0.003528447
4/29/1996,3809.2,-0.006176413
4/30/1996,3817.9,0.00228134
5/1/1996,3806,-0.003121764
5/2/1996,3776.4,-0.007807594
5/3/1996,3751.6,-0.006588759
5/7/1996,3723,-0.007652621
5/8/1996,3707.3,-0.004225946
5/9/1996,3728.3,0.005648517
5/10/1996,3754.4,0.00697612
5/13/1996,3739.2,-0.004056801
5/14/1996,3759.7,0.005467482
5/15/1996,3776.2,0.004379046
5/16/1996,3753.6,-0.006002834
5/17/1996,3789.6,0.009545093
5/20/1996,3778.2,-0.003012767
5/21/1996,3789.4,0.002959989
5/22/1996,3764.2,-0.00667234
5/23/1996,3747,-0.004579835
5/24/1996,3752.1,0.001360163
5/28/1996,3760.2,0.002156464
5/29/1996,3775.7,0.004113648
5/30/1996,3746.7,-0.007710343
5/31/1996,3747.8,0.000293549
6/3/1996,3739.2,-0.002297316
6/4/1996,3755.2,0.004269861
6/5/1996,3753.4,-0.00047945
6/6/1996,3760.3,0.001836646
6/7/1996,3706.8,-0.014329771
6/10/1996,3728.8,0.005917495
6/11/1996,3755.7,0.00718822
6/12/1996,3769.2,0.003588091
6/13/1996,3761.7,-0.001991794
6/14/1996,3753.6,-0.002155603
6/17/1996,3761.5,0.002102435
6/18/1996,3756.4,-0.001356762
6/19/1996,3753.2,-0.000852243
6/20/1996,3727.5,-0.006871042
6/21/1996,3722.3,-0.001396011
6/24/1996,3710.8,-0.00309427
6/25/1996,3679.5,-0.008470613
6/26/1996,3695.5,0.00433899
6/27/1996,3678.8,-0.004529251
6/28/1996,3711,0.00871477
7/1/1996,3725.6,0.003926531
7/2/1996,3725.7,2.6841E-05
7/3/1996,3714.1,-0.003118366
7/4/1996,3760.6,0.012442131
7/5/1996,3743.2,-0.004637659
7/8/1996,3741.5,-0.00045426
7/9/1996,3752.3,0.002882385
7/10/1996,3765.8,0.003591337
7/11/1996,3749,-0.004471184
7/12/1996,3728.3,-0.005536772
7/15/1996,3698.3,-0.008079111
7/16/1996,3632.3,-0.018007198
7/17/1996,3658.2,0.007105167
7/18/1996,3693.4,0.00957622
7/19/1996,3710.5,0.004619195
7/22/1996,3681.3,-0.007900688
7/23/1996,3708.4,0.007334566
7/24/1996,3668.8,-0.010735884
7/25/1996,3684.7,0.004324478
7/26/1996,3673.3,-0.003098671
7/29/1996,3678.8,0.001496171
7/30/1996,3668.5,-0.002803753
7/31/1996,3703.2,0.009414452
8/1/1996,3734.4,0.008389852
8/2/1996,3770.6,0.009646977
8/5/1996,3788.3,0.00468323
8/6/1996,3788.4,2.63967E-05
8/7/1996,3811.1,0.005974095
8/8/1996,3811.4,7.87143E-05
8/9/1996,3810.7,-0.000183676
8/12/1996,3803.3,-0.001943788
8/13/1996,3823.4,0.005270968
8/14/1996,3830.3,0.00180305
8/15/1996,3837.4,0.001851925
8/16/1996,3872.9,0.009208526
8/19/1996,3863.7,-0.002378307
8/20/1996,3883.2,0.005034282
8/21/1996,3872.1,-0.00286256
8/22/1996,3891.1,0.004894898
8/23/1996,3907.5,0.004205889
8/27/1996,3905.7,-0.000460759
8/28/1996,3918.7,0.003322942
8/29/1996,3885,-0.008636982
8/30/1996,3867.6,-0.004488824
9/2/1996,3884.4,0.004334372
9/3/1996,3855.9,-0.007364089
9/4/1996,3872.7,0.004347495
9/5/1996,3887.2,0.003737166
9/6/1996,3893,0.001490965
9/9/1996,3910.8,0.004561888
9/10/1996,3916.1,0.001354304
9/11/1996,3905.6,-0.00268484
9/12/1996,3932.6,0.006889364
9/13/1996,3967.9,0.008936203
9/16/1996,3977.2,0.002341067
9/17/1996,3972.3,-0.001232782
9/18/1996,3955.7,-0.004187695
9/19/1996,3974.3,0.004691055
9/20/1996,3964.1,-0.002569789
9/23/1996,3919.7,-0.011263723
9/24/1996,3910.5,-0.002349877
9/25/1996,3935.7,0.006423514
9/26/1996,3933.2,-0.000635413
9/27/1996,3946.4,0.003350427
9/30/1996,3953.7,0.001848078
10/1/1996,3992.2,0.009690608
10/2/1996,4015.1,0.005719796
10/3/1996,4000,-0.003767893
10/4/1996,4024.8,0.006180859
10/7/1996,4031.5,0.001663295
10/8/1996,4035.6,0.001016474
10/9/1996,4009.3,-0.006538327
10/10/1996,3994.7,-0.00364818
10/11/1996,4028.1,0.008326318
10/14/1996,4038.7,0.002628057
10/15/1996,4050.8,0.002991534
10/16/1996,4024.4,-0.006538561
10/17/1996,4042.1,0.004388527
10/18/1996,4053.1,0.002717662
10/21/1996,4073.1,0.00492236
10/22/1996,4057.2,-0.0039113
10/23/1996,4028.4,-0.007123806
10/24/1996,3999.4,-0.007224925
10/25/1996,4022.4,0.00573439
10/28/1996,4025.3,0.000720703
10/29/1996,3993.5,-0.007931403
10/30/1996,3963.9,-0.00743965
10/31/1996,3979.1,0.003827274
11/1/1996,3948.5,-0.007719903
11/4/1996,3928.1,-0.005179912
11/5/1996,3921.1,-0.001783622
11/6/1996,3935.7,0.00371653
11/7/1996,3900.4,-0.009009645
11/8/1996,3910.8,0.002662845
11/11/1996,3914.4,0.000920104
11/12/1996,3934.3,0.005070914
11/13/1996,3926.9,-0.001882665
11/14/1996,3926.1,-0.000203744
11/15/1996,3958.2,0.00814281
11/18/1996,3962.1,0.000984811
11/19/1996,3978.1,0.004030131
11/20/1996,3962.8,-0.003853472
11/21/1996,3953.8,-0.002273704
11/22/1996,4018.7,0.016281325
11/25/1996,4054.6,0.008893572
11/26/1996,4068.4,0.003397763
11/27/1996,4049.2,-0.004730471
11/28/1996,4050.2,0.000246932
11/29/1996,4058,0.001923979
12/2/1996,4038.5,-0.004816906
12/3/1996,4061.5,0.005679028
12/4/1996,4045.2,-0.00402137
12/5/1996,4051.2,0.00148214
12/6/1996,3963,-0.022011819
12/9/1996,4011.6,0.01218885
12/10/1996,4035.7,0.005989604
12/11/1996,3982.5,-0.013270006
12/12/1996,3990.7,0.002056891
12/13/1996,3972.4,-0.004596208
12/16/1996,3993.8,0.005372713
12/17/1996,3979.6,-0.003561847
12/18/1996,4018.2,0.009652729
12/19/1996,4051.3,0.008203776
12/20/1996,4077.6,0.006470763
12/23/1996,4087.2,0.002351559
12/24/1996,4092.5,0.001295891
12/27/1996,4091,-0.000366591
12/30/1996,4115.7,0.00601949
12/31/1996,4118.5,0.00068009
1/2/1997,4057.4,-0.014946645
1/3/1997,4089.5,0.007880339
1/6/1997,4106.5,0.004148371
1/7/1997,4078.8,-0.006768257
1/8/1997,4087.5,0.002130709
1/9/1997,4087,-0.000122332
1/10/1997,4056.6,-0.00746602
1/13/1997,4107.3,0.012420694
1/14/1997,4168.2,0.01471841
1/15/1997,4158.9,-0.002233672
1/16/1997,4197.5,0.009238494
1/17/1997,4207.7,0.00242707
1/20/1997,4194,-0.003261248
1/21/1997,4195.5,0.00035759
1/22/1997,4219.1,0.005609313
1/23/1997,4219.1,0
1/24/1997,4218.8,-7.11077E-05
1/27/1997,4212,-0.001613133
1/28/1997,4237.4,0.006012279
1/29/1997,4207.5,-0.007081227
1/30/1997,4228.4,0.004955024
1/31/1997,4275.8,0.011147548
2/3/1997,4257.8,-0.004218624
2/4/1997,4260.9,0.000727811
2/5/1997,4281.5,0.00482301
2/6/1997,4265.9,-0.003650237
2/7/1997,4307.8,0.009774154
2/10/1997,4307.7,-2.3214E-05
2/11/1997,4304.3,-0.000789596
2/12/1997,4304.3,0
2/13/1997,4327.1,0.005283049
2/14/1997,4341,0.003207165
2/17/1997,4337.8,-0.000737429
2/18/1997,4332.3,-0.001268728
2/19/1997,4357.4,0.00577697
2/20/1997,4356.1,-0.000298388
2/21/1997,4336.8,-0.004440413
2/24/1997,4331.1,-0.001315198
2/25/1997,4344.7,0.00313516
2/26/1997,4329.3,-0.003550845
2/27/1997,4339.2,0.002284133
2/28/1997,4308.3,-0.007146605
3/3/1997,4307.1,-0.000278571
3/4/1997,4357.7,0.011679571
3/5/1997,4360.1,0.000550598
3/6/1997,4399.3,0.008950444
3/7/1997,4420.3,0.00476213
3/10/1997,4437.4,0.003861052
3/11/1997,4444.3,0.001553757
3/12/1997,4422.5,-0.004917229
3/13/1997,4397.7,-0.00562347
3/14/1997,4424.3,0.006030397
3/17/1997,4373.3,-0.011594201
3/18/1997,4356.8,-0.00378003
3/19/1997,4332.2,-0.005662347
3/20/1997,4258.1,-0.017252445
3/21/1997,4254.8,-0.000775294
3/24/1997,4214.8,-0.009445617
3/25/1997,4270.7,0.013175607
3/26/1997,4301.5,0.007186051
3/27/1997,4312.9,0.002646733
4/1/1997,4248.1,-0.015138708
4/2/1997,4236.6,-0.002710763
4/3/1997,4214.6,-0.005206373
4/4/1997,4236.6,0.005206373
4/7/1997,4271.7,0.008250814
4/8/1997,4269.3,-0.000561995
4/9/1997,4292.3,0.00537284
4/10/1997,4313.2,0.004857368
4/11/1997,4270.7,-0.00990234
4/14/1997,4251.7,-0.004458845
4/15/1997,4286.8,0.008221631
4/16/1997,4294.6,0.001817886
4/17/1997,4298.9,0.001000756
4/18/1997,4310.5,0.002694731
4/21/1997,4328.7,0.004213359
4/22/1997,4346.1,0.004011625
4/23/1997,4387.7,0.009526281
4/24/1997,4388.5,0.000182311
4/25/1997,4369.7,-0.004293126
4/28/1997,4389.7,0.004566531
4/29/1997,4433.2,0.009860783
4/30/1997,4436,0.000631399
5/1/1997,4445,0.002026799
5/2/1997,4455.6,0.002381863
5/6/1997,4519.3,0.014195383
5/7/1997,4537.5,0.004019085
5/8/1997,4580.4,0.009410131
5/9/1997,4630.9,0.010964903
5/12/1997,4669.6,0.008322181
5/13/1997,4691,0.004572364
5/14/1997,4686.9,-0.000874396
5/15/1997,4681.2,-0.001216896
5/16/1997,4693.9,0.002709306
5/19/1997,4645.2,-0.010429365
5/20/1997,4607.5,-0.008149018
5/21/1997,4642,0.007459897
5/22/1997,4651.8,0.002108934
5/23/1997,4661.8,0.002147398
5/27/1997,4681.6,0.004238292
5/28/1997,4677.5,-0.000876153
5/29/1997,4672.3,-0.001112323
5/30/1997,4621.3,-0.010975405
6/2/1997,4562.8,-0.012739581
6/3/1997,4557.8,-0.001096419
6/4/1997,4557.1,-0.000153595
6/5/1997,4576.2,0.004182503
6/6/1997,4645,0.014922413
6/9/1997,4686.7,0.008937338
6/10/1997,4739.6,0.011224034
6/11/1997,4724.8,-0.003127512
6/12/1997,4757.4,0.006876069
6/13/1997,4783.1,0.005387571
6/16/1997,4745.1,-0.007976365
6/17/1997,4682.2,-0.013344422
6/18/1997,4657,-0.005396621
6/19/1997,4653.7,-0.000708862
6/20/1997,4593.9,-0.012933266
6/23/1997,4575.8,-0.00394779
6/24/1997,4596.3,0.004470085
6/25/1997,4640,0.009462734
6/26/1997,4657.9,0.003850337
6/27/1997,4640.3,-0.003785683
6/30/1997,4604.6,-0.007723215
7/1/1997,4728.3,0.026509926
7/2/1997,4751.4,0.004873582
7/3/1997,4831.7,0.016759061
7/4/1997,4812.8,-0.003919337
7/7/1997,4810.7,-0.000436432
7/8/1997,4758.5,-0.010910111
7/9/1997,4762.4,0.00081925
7/10/1997,4767.8,0.00113324
7/11/1997,4799.5,0.006626763
7/14/1997,4857.4,0.01199157
7/15/1997,4899.3,0.008589022
7/16/1997,4964.2,0.013159819
7/17/1997,4949,-0.003066621
7/18/1997,4877.2,-0.014614251
7/21/1997,4805.7,-0.014768571
7/22/1997,4846.7,0.008495348
7/23/1997,4874.5,0.005719474
7/24/1997,4862.9,-0.002382567
7/25/1997,4851.5,-0.002347032
7/28/1997,4862.6,0.002285339
7/29/1997,4876.6,0.002874981
7/30/1997,4927.3,0.010342915
7/31/1997,4907.5,-0.004026524
8/1/1997,4899.3,-0.001672309
8/4/1997,4895.7,-0.000735069
8/5/1997,4960.6,0.013169432
8/6/1997,5026.2,0.01313753
8/7/1997,5086.8,0.011984718
8/8/1997,5031.3,-0.010970549
8/11/1997,5031.9,0.000119246
8/12/1997,5075.8,0.008686502
8/13/1997,5003.6,-0.014326495
8/14/1997,4991.3,-0.002461256
8/15/1997,4865.8,-0.025465255
8/18/1997,4835,-0.006350013
8/19/1997,4914.2,0.016247844
8/20/1997,4958.4,0.008954135
8/21/1997,4978,0.003945096
8/22/1997,4901.1,-0.015568534
8/26/1997,4886.3,-0.003024299
8/27/1997,4906.9,0.004207007
8/28/1997,4845.4,-0.012612577
8/29/1997,4817.5,-0.00577468
9/1/1997,4870.2,0.010879883
9/2/1997,4952.2,0.016696918
9/3/1997,4976.9,0.004975285
9/4/1997,4991.3,0.00288919
9/5/1997,4994.2,0.000580842
9/8/1997,4985.2,-0.001803716
9/9/1997,4950.5,-0.006984941
9/10/1997,4905.2,-0.009192715
9/11/1997,4854.8,-0.010327961
9/12/1997,4848.2,-0.001360404
9/15/1997,4902.9,0.011219365
9/16/1997,4976.4,0.014879871
9/17/1997,5013.1,0.007347748
9/18/1997,5046.2,0.006580999
9/19/1997,5023.8,-0.004448865
9/22/1997,5075.7,0.010277827
9/23/1997,5027.5,-0.009541604
9/24/1997,5077.2,0.009837086
9/25/1997,5065.5,-0.002307079
9/26/1997,5226.3,0.031250721
9/29/1997,5220.3,-0.001148699
9/30/1997,5244.2,0.004567832
10/1/1997,5317.1,0.013805338
10/2/1997,5296.1,-0.003957341
10/3/1997,5330.8,0.00653062
10/6/1997,5300,-0.0057945
10/7/1997,5305.6,0.001056046
10/8/1997,5262.1,-0.00823268
10/9/1997,5217.8,-0.00845433
10/10/1997,5227.3,0.001819035
10/13/1997,5300.1,0.013830796
10/14/1997,5298.9,-0.000226436
10/15/1997,5263.7,-0.00666505
10/16/1997,5287.9,0.00458699
10/17/1997,5271.1,-0.003182122
10/20/1997,5211,-0.011467293
10/21/1997,5225.9,0.002855256
10/22/1997,5148.8,-0.014863354
10/23/1997,4991.5,-0.031027212
10/24/1997,4970.2,-0.004276385
10/27/1997,4840.7,-0.026400742
10/28/1997,4755.4,-0.017778524
10/29/1997,4871.8,0.024182664
10/30/1997,4801.9,-0.014451806
10/31/1997,4842.3,0.008378142
11/3/1997,4906.4,0.013150661
11/4/1997,4897.4,-0.001836023
11/5/1997,4908.3,0.002223198
11/6/1997,4863.8,-0.009107624
11/7/1997,4764.3,-0.020669404
11/10/1997,4806.8,0.00888096
11/11/1997,4793.7,-0.002729026
11/12/1997,4720.4,-0.015409014
11/13/1997,4711,-0.001993342
11/14/1997,4741.8,0.006516611
11/17/1997,4867,0.02606092
11/18/1997,4845.4,-0.00444793
11/19/1997,4830.1,-0.00316263
11/20/1997,4908.4,0.016080852
11/21/1997,4985.8,0.015645849
11/24/1997,4898.6,-0.017644422
11/25/1997,4863.5,-0.007191107
11/26/1997,4891.2,0.005679329
11/27/1997,4889,-0.000449889
11/28/1997,4831.8,-0.011768715
12/1/1997,4921.8,0.018455248
12/2/1997,4977.6,0.01127353
12/3/1997,4970.7,-0.001387172
12/4/1997,5082.3,0.02220324
12/5/1997,5142.9,0.011853208
12/8/1997,5187.4,0.008615486
12/9/1997,5177.1,-0.001987554
12/10/1997,5130.7,-0.009002952
12/11/1997,5035.9,-0.018649843
12/12/1997,5045.2,0.001845037
12/15/1997,5121.8,0.015068644
12/16/1997,5203.4,0.015806318
12/17/1997,5190.8,-0.00242443
12/18/1997,5168.3,-0.004344014
12/19/1997,5020.2,-0.029074041
12/22/1997,5018.2,-0.00039847
12/23/1997,5049.8,0.006277335
12/24/1997,5013.9,-0.007134583
12/29/1997,5112.4,0.019454906
12/30/1997,5132.3,0.003884941
12/31/1997,5135.5,0.000623308
1/2/1998,5193.5,0.011230634
1/5/1998,5262.5,0.013198355
1/6/1998,5264.4,0.00036098
1/7/1998,5224.1,-0.007684645
1/8/1998,5237.1,0.002485376
1/9/1998,5138.3,-0.019045625
1/12/1998,5068.8,-0.013618182
1/13/1998,5083.9,0.00297458
1/14/1998,5106.9,0.004513883
1/15/1998,5165.8,0.011467413
1/16/1998,5263.1,0.018660228
1/19/1998,5273.6,0.001993035
1/20/1998,5278.2,0.000871889
1/21/1998,5272.3,-0.001118431
1/22/1998,5253.1,-0.003648321
1/23/1998,5181.4,-0.013743089
1/26/1998,5237.2,0.010711714
1/27/1998,5326.3,0.016869809
1/28/1998,5372.6,0.008655149
1/29/1998,5422.4,0.009226559
1/30/1998,5458.5,0.006635505
2/2/1998,5599,0.025413984
2/3/1998,5612.8,0.002461693
2/4/1998,5595.8,-0.003033387
2/5/1998,5606.4,0.001892486
2/6/1998,5629.7,0.004147352
2/9/1998,5600.9,-0.005128856
2/10/1998,5613.3,0.002211483
2/11/1998,5607.9,-0.000962464
2/12/1998,5552.5,-0.009928041
2/13/1998,5582.3,0.005352601
2/16/1998,5619.9,0.006712992
2/17/1998,5709.5,0.015817584
2/18/1998,5723.4,0.00243158
2/19/1998,5718.5,-0.000856501
2/20/1998,5718.5,0
2/23/1998,5702.8,-0.002749251
2/24/1998,5651,-0.009124762
2/25/1998,5745.1,0.016514797
2/26/1998,5764.8,0.003423143
2/27/1998,5767.3,0.000433572
3/2/1998,5820.6,0.009199316
3/3/1998,5807.7,-0.002218726
3/4/1998,5733.1,-0.012928227
3/5/1998,5695.6,-0.00656245
3/6/1998,5782.9,0.01521134
3/9/1998,5818.9,0.006205953
3/10/1998,5828.5,0.001648437
3/11/1998,5829.8,0.000223017
3/12/1998,5794.8,-0.006021731
3/13/1998,5782.3,-0.002159436
3/16/1998,5785.1,0.000484119
3/17/1998,5834.9,0.008571481
3/18/1998,5903.6,0.011705207
3/19/1998,5997.9,0.015847074
3/20/1998,5956.3,-0.006959925
3/23/1998,5947,-0.001562592
3/24/1998,5983.7,0.006152215
3/25/1998,5967.8,-0.002660755
3/26/1998,5905.6,-0.010477297
3/27/1998,5939.3,0.005690228
3/30/1998,5911.9,-0.004624013
3/31/1998,5932.2,0.00342787
4/1/1998,6017.6,0.01429337
4/2/1998,6052.8,0.005832466
4/3/1998,6064.2,0.001881654
4/6/1998,6105.8,0.00683651
4/7/1998,6094,-0.001934459
4/8/1998,6055.2,-0.006387274
4/9/1998,6105.5,0.008272597
4/14/1998,6104.1,-0.000229328
4/15/1998,6074.1,-0.004926846
4/16/1998,6002,-0.011941083
4/17/1998,5922.2,-0.013384746
4/20/1998,5954.1,0.005372056
4/21/1998,5955,0.000151145
4/22/1998,5931.1,-0.00402151
4/23/1998,5898.1,-0.005579428
4/24/1998,5863.9,-0.005815354
4/27/1998,5722.4,-0.024426613
4/28/1998,5806.6,0.014606904
4/29/1998,5833.1,0.00455339
4/30/1998,5928.3,0.016188903
5/1/1998,6010.3,0.01373717
5/5/1998,5986.5,-0.00396773
5/6/1998,5992.4,0.000985065
5/7/1998,5938,-0.009119623
5/8/1998,5969.8,0.00534105
5/11/1998,6028.3,0.009751621
5/12/1998,5956.7,-0.011948411
5/13/1998,5972.9,0.002715935
5/14/1998,5948.5,-0.004093485
5/15/1998,5917.8,-0.005174329
5/18/1998,5826.2,-0.015599771
5/19/1998,5877.8,0.008817555
5/20/1998,5907.4,0.00502326
5/21/1998,5935.6,0.004762316
5/22/1998,5955.6,0.003363835
5/26/1998,5970.7,0.00253222
5/27/1998,5870.2,-0.016975469
5/28/1998,5862.3,-0.001346687
5/29/1998,5870.7,0.001431859
6/1/1998,5837.9,-0.005602734
6/2/1998,5837.9,0
6/3/1998,5898.4,0.010309985
6/4/1998,5860.8,-0.006395015
6/5/1998,5947.3,0.014651222
6/8/1998,6037.8,0.015102372
6/9/1998,6019.8,-0.002985671
6/10/1998,5987.4,-0.005396775
6/11/1998,5852.5,-0.022788341
6/12/1998,5769.8,-0.014231503
6/15/1998,5715.7,-0.009420643
6/16/1998,5729.7,0.002446399
6/17/1998,5832.7,0.017816842
6/18/1998,5812.1,-0.003538064
6/19/1998,5748.1,-0.011072586
6/22/1998,5712.4,-0.006230115
6/23/1998,5772,0.01037939
6/24/1998,5804.9,0.005683748
6/25/1998,5858.9,0.009259484
6/26/1998,5877.4,0.003152615
6/29/1998,5884.5,0.001207288
6/30/1998,5832.5,-0.00887605
7/1/1998,5919.9,0.014873832
7/2/1998,5960.2,0.006784481
7/3/1998,5988.4,0.004720227
7/6/1998,5990.3,0.00031723
7/7/1998,6003.4,0.002184481
7/8/1998,6009.6,0.001032215
7/9/1998,5969.7,-0.006661516
7/10/1998,5929.7,-0.006723053
7/13/1998,5958.2,0.004794801
7/14/1998,6100.2,0.023553135
7/15/1998,6151.5,0.008374397
7/16/1998,6166.8,0.00248411
7/17/1998,6174,0.001166861
7/20/1998,6179,0.00080952
7/21/1998,6132.7,-0.007521336
7/22/1998,5989.6,-0.023610478
7/23/1998,5976.2,-0.002239717
7/24/1998,5892.3,-0.014138501
7/27/1998,5836.1,-0.009583648
7/28/1998,5835.8,-5.14055E-05
7/29/1998,5844.1,0.001421245
7/30/1998,5910.7,0.011331662
7/31/1998,5837,-0.012547301
8/3/1998,5809.7,-0.004688032
8/4/1998,5736.1,-0.012749398
8/5/1998,5632.5,-0.018226144
8/6/1998,5594.1,-0.006840922
8/7/1998,5680.4,0.015309182
8/10/1998,5587.6,-0.016471796
8/11/1998,5432.8,-0.028095202
8/12/1998,5462.2,0.005396984
8/13/1998,5399.5,-0.011545282
8/14/1998,5455,0.010226263
8/17/1998,5467.2,0.002233983
8/18/1998,5648.2,0.032570308
8/19/1998,5694.3,0.008128764
8/20/1998,5667.4,-0.004735216
8/21/1998,5477,-0.034172953
8/24/1998,5553.7,0.013906866
8/25/1998,5654.4,0.017969631
8/26/1998,5545.4,-0.019465248
8/27/1998,5368.5,-0.032420215
8/28/1998,5249.4,-0.022434756
9/1/1998,5169.1,-0.015415192
9/2/1998,5235.8,0.012821058
9/3/1998,5118.7,-0.02261915
9/4/1998,5167,0.009391749
9/7/1998,5347,0.034243407
9/8/1998,5344.2,-0.000523795
9/9/1998,5311.3,-0.006175234
9/10/1998,5136.6,-0.033445244
9/11/1998,5118.6,-0.003510418
9/14/1998,5268.6,0.028883708
9/15/1998,5281.7,0.002483343
9/16/1998,5291.7,0.00189154
9/17/1998,5132.9,-0.030468754
9/18/1998,5055.6,-0.015174262
9/21/1998,4990.3,-0.013000512
9/22/1998,5103.3,0.022391361
9/23/1998,5214.7,0.021594171
9/24/1998,5167.6,-0.009073196
9/25/1998,5016,-0.029775561
9/28/1998,5093.5,0.015332414
9/29/1998,5108.7,0.002979752
9/30/1998,5064.4,-0.008709298
10/1/1998,4908.2,-0.031328395
10/2/1998,4750.4,-0.032678451
10/5/1998,4648.7,-0.021641214
10/6/1998,4854,0.043215497
10/7/1998,4828.9,-0.005184409
10/8/1998,4698.9,-0.02729026
10/9/1998,4823.4,0.026150635
10/12/1998,5037.6,0.043450705
10/13/1998,4990.1,-0.009473829
10/14/1998,5038.4,0.009632622
10/15/1998,5056.3,0.003546419
10/16/1998,5133.1,0.015074775
10/19/1998,5077.5,-0.010890751
10/20/1998,5251.9,0.033770901
10/21/1998,5206.6,-0.008662864
10/22/1998,5229.9,0.004465106
10/23/1998,5217.1,-0.002450465
10/26/1998,5231.5,0.002756352
10/27/1998,5331.2,0.01887831
10/28/1998,5293.9,-0.007021139
10/29/1998,5358.5,0.012128871
10/30/1998,5438.4,0.014800815
11/2/1998,5525.5,0.015888841
11/3/1998,5503.9,-0.003916809
11/4/1998,5622.9,0.021390613
11/5/1998,5479.8,-0.025778941
11/6/1998,5491,0.002041784
11/9/1998,5433.9,-0.01045328
11/10/1998,5432.3,-0.000294491
11/11/1998,5476.8,0.008158372
11/12/1998,5449,-0.005088883
11/13/1998,5463.2,0.002602593
11/16/1998,5510.5,0.008620664
11/17/1998,5502.7,-0.001416482
11/18/1998,5474,-0.00522927
11/19/1998,5606.2,0.023863518
11/20/1998,5717.5,0.019658519
11/23/1998,5848.4,0.022636473
11/24/1998,5798.3,-0.008603348
11/25/1998,5755.3,-0.007443602
11/26/1998,5827.9,0.01253556
11/27/1998,5844.2,0.002792987
11/30/1998,5743.9,-0.017311294
12/1/1998,5537.5,-0.036595287
12/2/1998,5507.2,-0.005486808
12/3/1998,5566.1,0.010638302
12/4/1998,5581.9,0.002834591
12/7/1998,5576.7,-0.000932017
12/8/1998,5615.7,0.006969043
12/9/1998,5669.1,0.009464128
12/10/1998,5660.3,-0.001553481
12/11/1998,5541.7,-0.021175581
12/14/1998,5534.5,-0.001300085
12/15/1998,5557.1,0.004075162
12/16/1998,5630.4,0.013104098
12/17/1998,5685.2,0.009685819
12/18/1998,5741.9,0.009923859
12/21/1998,5876.5,0.023171181
12/22/1998,5843.3,-0.005665641
12/23/1998,5908.8,0.011147059
12/24/1998,5867.2,-0.007065247
12/29/1998,5941.5,0.012584108
12/30/1998,5882.6,-0.009962786
1/4/1999,5879.4,-0.000544125
1/5/1999,5958.2,0.013313706
1/6/1999,6148.8,0.031488519
1/7/1999,6101.2,-0.007771468
1/8/1999,6147.2,0.00751122
1/11/1999,6085,-0.010169967
1/12/1999,6033.6,-0.008482879
1/13/1999,5850.1,-0.030885092
1/14/1999,5820.2,-0.00512413
1/15/1999,5941,0.020542844
1/18/1999,6123.9,0.030321679
1/19/1999,6027.6,-0.015850227
1/20/1999,6105.6,0.012857461
1/21/1999,6022.3,-0.013737137
1/22/1999,5861.2,-0.027114885
1/25/1999,5880.9,0.003355451
1/26/1999,5885.7,0.000815869
1/27/1999,5876.4,-0.001581351
1/28/1999,5872.5,-0.000663892
1/29/1999,5896,0.003993717
2/1/1999,6012.4,0.019549848
2/2/1999,6013,9.97888E-05
2/3/1999,5940.3,-0.012164155
2/4/1999,5939.9,-6.73389E-05
2/5/1999,5855.3,-0.014345064
2/8/1999,5834.9,-0.003490106
2/9/1999,5779.9,-0.009470746
2/10/1999,5770.2,-0.00167964
2/11/1999,5888.5,0.020294554
2/12/1999,5950.7,0.010507563
2/15/1999,6023.2,0.01210982
2/16/1999,6108.6,0.014078935
2/17/1999,6078.4,-0.004956111
2/18/1999,6074.9,-0.000575975
2/19/1999,6031.2,-0.007219532
2/22/1999,6069.9,0.006396135
2/23/1999,6155.2,0.013955123
2/24/1999,6307.6,0.024458003
2/25/1999,6206.5,-0.016158126
2/26/1999,6175.1,-0.005072053
3/1/1999,6060.9,-0.018666773
3/2/1999,6061.3,6.59946E-05
3/3/1999,6048.3,-0.002147058
3/4/1999,6101.4,0.008741012
3/5/1999,6205.5,0.016917743
3/8/1999,6208.8,0.000531645
3/9/1999,6237.7,0.004643884
3/10/1999,6241.5,0.000609013
3/11/1999,6335.7,0.014979767
3/12/1999,6282.2,-0.008480067
3/15/1999,6206.8,-0.012074772
3/16/1999,6201.9,-0.000789769
3/17/1999,6140.6,-0.009933239
3/18/1999,6114.3,-0.004292167
3/19/1999,6163.2,0.007965833
3/22/1999,6152.8,-0.00168886
3/23/1999,6060.5,-0.015114958
3/24/1999,6016.7,-0.007253369
3/25/1999,6085,0.01128779
3/26/1999,6139.2,0.008867714
3/29/1999,6252.9,0.018350916
3/30/1999,6264.1,0.001789567
3/31/1999,6295.3,0.0049684
4/1/1999,6330,0.005496913
4/6/1999,6415.3,0.013385526
4/7/1999,6473.2,0.008984814
4/8/1999,6437.9,-0.005468177
4/9/1999,6472.8,0.005406382
4/12/1999,6441.2,-0.004893923
4/13/1999,6513.1,0.011100675
4/14/1999,6493.6,-0.002998457
4/15/1999,6466.1,-0.004243932
4/16/1999,6420.6,-0.007061573
4/19/1999,6515.3,0.014641686
4/20/1999,6319.8,-0.030465695
4/21/1999,6311,-0.001393419
4/22/1999,6413.6,0.016126593
4/23/1999,6428,0.002242712
4/26/1999,6503.6,0.011692422
4/27/1999,6593.6,0.013743612
4/28/1999,6598.8,0.000788333
4/29/1999,6497.6,-0.015454936
4/30/1999,6552.2,0.008367993
5/4/1999,6533.1,-0.002919308
5/5/1999,6401.7,-0.020317983
5/6/1999,6406.6,0.000765129
5/7/1999,6356,-0.00792946
5/10/1999,6348.8,-0.00113343
5/11/1999,6378.3,0.004635786
5/12/1999,6343.1,-0.005533996
5/13/1999,6456.6,0.017735256
5/14/1999,6300.4,-0.02448974
5/17/1999,6165.8,-0.02159523
5/18/1999,6206.4,0.006563125
5/19/1999,6266.7,0.009668883
5/20/1999,6368.2,0.016066955
5/21/1999,6353.1,-0.002373972
5/24/1999,6322.1,-0.004891451
5/25/1999,6249.3,-0.011581974
5/26/1999,6236.8,-0.002002227
5/27/1999,6199.5,-0.005998587
5/28/1999,6226.2,0.004297551
6/1/1999,6250,0.003815269
6/2/1999,6302.2,0.008317315
6/3/1999,6348.6,0.007335537
6/4/1999,6361.5,0.002029882
6/7/1999,6412,0.007907036
6/8/1999,6431.5,0.003036558
6/9/1999,6453,0.003337346
6/10/1999,6403.4,-0.00771604
6/11/1999,6484.8,0.012631878
6/14/1999,6430.1,-0.008470887
6/15/1999,6451.2,0.00327607
6/16/1999,6504.9,0.008289579
6/17/1999,6493.6,-0.001738663
6/18/1999,6527.8,0.005252903
6/21/1999,6581.2,0.00814712
6/22/1999,6552.4,-0.004385705
6/23/1999,6496.5,-0.008567824
6/24/1999,6416.7,-0.012359603
6/25/1999,6435.4,0.002910032
6/28/1999,6405.7,-0.00462578
6/29/1999,6307.1,-0.015512236
6/30/1999,6318.5,0.001805855
7/1/1999,6488.9,0.026611187
7/2/1999,6491.9,0.000462221
7/5/1999,6592,0.015301547
7/6/1999,6620.6,0.004329208
7/7/1999,6597.4,-0.003510368
7/8/1999,6557.3,-0.006096699
7/9/1999,6562.6,0.000807933
7/12/1999,6545.5,-0.002609075
7/13/1999,6445.6,-0.015380063
7/14/1999,6473.1,0.004257401
7/15/1999,6575,0.01561945
7/16/1999,6563.2,-0.001796289
7/19/1999,6483.7,-0.012186954
7/20/1999,6392,-0.014244127
7/21/1999,6329.8,-0.009778568
7/22/1999,6297.8,-0.005068274
7/23/1999,6207.4,-0.014458237
7/26/1999,6169.1,-0.006189169
7/27/1999,6262.8,0.015074409
7/28/1999,6297.2,0.005477721
7/29/1999,6117.5,-0.028951574
7/30/1999,6231.9,0.018527746
8/2/1999,6288.3,0.009009502
8/3/1999,6250.6,-0.006013305
8/4/1999,6235.4,-0.002434728
8/5/1999,6101.6,-0.021691699
8/6/1999,6121,0.00317445
8/9/1999,6126.4,0.00088182
8/10/1999,5978.4,-0.024454328
8/11/1999,6014.4,0.00600362
8/12/1999,6153.3,0.022831929
8/13/1999,6245.1,0.014808633
8/16/1999,6235.4,-0.001554425
8/17/1999,6166.4,-0.011127532
8/18/1999,6201.8,0.005724373
8/19/1999,6118,-0.013604327
8/20/1999,6180.8,0.010212467
8/23/1999,6322.1,0.022603719
8/24/1999,6315.1,-0.00110784
8/25/1999,6369.5,0.008577383
8/26/1999,6383.9,0.002258222
8/27/1999,6375.2,-0.001363733
8/31/1999,6246.4,-0.020410165
9/1/1999,6276.2,0.004759404
9/2/1999,6195.6,-0.012925339
9/3/1999,6332.1,0.021792572
9/6/1999,6375.7,0.006861954
9/7/1999,6309.5,-0.010437455
9/8/1999,6253.6,-0.008899136
9/9/1999,6260.6,0.001118729
9/10/1999,6191,-0.011179403
9/13/1999,6169,-0.003559874
9/14/1999,6116,-0.008628462
9/15/1999,6067.7,-0.007928667
9/16/1999,6014.6,-0.008789774
9/17/1999,6039.8,0.004181052
9/20/1999,6056.5,0.002761177
9/21/1999,5957.3,-0.016514717
9/22/1999,5913.9,-0.007311846
9/23/1999,5969.7,0.009391163
9/24/1999,5937.6,-0.005391664
9/27/1999,6078.6,0.023469395
9/28/1999,6007.2,-0.011815657
9/29/1999,6020.6,0.002228172
9/30/1999,6029.8,0.001526921
10/1/1999,5970.7,-0.009849669
10/4/1999,6052.9,0.013673323
10/5/1999,6084.5,0.005207058
10/6/1999,6097.5,0.002134297
10/7/1999,6200.4,0.016734955
10/8/1999,6199.4,-0.000161293
10/11/1999,6234.8,0.005693988
10/12/1999,6174.8,-0.009670008
10/13/1999,6113.4,-0.00999341
10/14/1999,6039.4,-0.012178414
10/15/1999,5907.3,-0.022115795
10/18/1999,5869.2,-0.006470536
10/19/1999,5993.7,0.020990579
10/20/1999,6006.7,0.002166595
10/21/1999,5939.3,-0.011284232
10/22/1999,6058.9,0.019936984
10/25/1999,6009.4,-0.008203356
10/26/1999,6092.4,0.013717183
10/27/1999,6045.7,-0.007694817
10/28/1999,6149.1,0.016958454
10/29/1999,6255.7,0.017187318
11/1/1999,6284,0.004513672
11/2/1999,6252,-0.005105308
11/3/1999,6280.8,0.004595948
11/4/1999,6331.3,0.008008225
11/5/1999,6356.6,0.003988057
11/8/1999,6374.3,0.002780638
11/9/1999,6435.5,0.009555257
11/10/1999,6447,0.001785368
11/11/1999,6551.4,0.016063861
11/12/1999,6511.6,-0.006093566
11/15/1999,6533.6,0.003372891
11/16/1999,6583,0.007532475
11/17/1999,6555.7,-0.004155668
11/18/1999,6550.8,-0.000747721
11/19/1999,6482.3,-0.010511794
11/22/1999,6442,-0.006236335
11/23/1999,6534.2,0.014210871
11/24/1999,6561.8,0.004215034
11/25/1999,6682.8,0.018272106
11/26/1999,6684.8,0.000299231
11/29/1999,6692.3,0.001121319
11/30/1999,6597.2,-0.014312295
12/1/1999,6646,0.007369853
12/2/1999,6653.7,0.001157921
12/3/1999,6742.2,0.01321319
12/6/1999,6694,-0.007174678
12/7/1999,6660.9,-0.004956992
12/8/1999,6619.4,-0.006249879
12/9/1999,6680.8,0.009233009
12/10/1999,6739.5,0.008747997
12/13/1999,6710.7,-0.004282471
12/14/1999,6702.1,-0.001282357
12/15/1999,6633.8,-0.010243118
12/16/1999,6672,0.005741873
12/17/1999,6724.6,0.007852779
12/20/1999,6731.2,0.00098099
12/21/1999,6707.5,-0.003527131
12/22/1999,6728.6,0.003140795
12/23/1999,6776.8,0.007137916
12/24/1999,6806.5,0.004373024
12/29/1999,6835.9,0.004310099
12/30/1999,6930.2,0.013700536
1/4/2000,6662.9,-0.039333848
1/5/2000,6535.9,-0.019244768
1/6/2000,6447.2,-0.01366413
1/7/2000,6504.8,0.008894438
1/10/2000,6607.7,0.01569527
1/11/2000,6518.9,-0.013529986
1/12/2000,6532.8,0.002129992
1/13/2000,6531.5,-0.000199016
1/14/2000,6658.2,0.019212552
1/17/2000,6669.5,0.001695717
1/18/2000,6504.6,-0.025035276
1/19/2000,6445.4,-0.009142921
1/20/2000,6348.7,-0.015116631
1/21/2000,6346.3,-0.000378102
1/24/2000,6379.8,0.005264783
1/25/2000,6274.1,-0.0167067
1/26/2000,6375.6,0.016048156
1/27/2000,6441,0.010205603
1/28/2000,6375.6,-0.010205603
1/31/2000,6268.5,-0.016941113
2/1/2000,6290.9,0.003567053
2/2/2000,6302.8,0.001889834
2/3/2000,6324.3,0.003405377
2/4/2000,6185,-0.022272351
2/7/2000,6118.6,-0.010793694
2/8/2000,6285.8,0.026959809
2/9/2000,6315.4,0.004697974
2/10/2000,6279.8,-0.005652962
2/11/2000,6193.3,-0.01387007
2/14/2000,6068.6,-0.020340127
2/15/2000,6005.2,-0.010502175
2/16/2000,6147.4,0.023403468
2/17/2000,6209.3,0.01001894
2/18/2000,6165,-0.007160032
2/21/2000,6081.6,-0.013620317
2/22/2000,6014.7,-0.011061346
2/23/2000,6144.1,0.021285799
2/24/2000,6086.7,-0.009386209
2/25/2000,6198,0.018120596
2/28/2000,6099.6,-0.016003464
2/29/2000,6232.6,0.021570386
3/1/2000,6364.9,0.02100494
3/2/2000,6432.1,0.010502558
3/3/2000,6487.5,0.008576169
3/6/2000,6567.8,0.012301673
3/7/2000,6466.5,-0.015543917
3/8/2000,6411.2,-0.008588543
3/9/2000,6532.1,0.018682023
3/10/2000,6568.7,0.00558746
3/13/2000,6466.9,-0.015619085
3/14/2000,6487.1,0.00311873
3/15/2000,6447,-0.006200683
3/16/2000,6557.2,0.016948776
3/17/2000,6558,0.000121996
3/20/2000,6626.5,0.010391083
3/21/2000,6617.9,-0.001298662
3/22/2000,6609.6,-0.001254961
3/23/2000,6594.6,-0.002272005
3/24/2000,6738.5,0.021586216
3/27/2000,6687.2,-0.007642097
3/28/2000,6650.1,-0.005563359
3/29/2000,6598.8,-0.007744078
3/30/2000,6445.2,-0.023552147
3/31/2000,6540.2,0.014632078
4/3/2000,6462.1,-0.012013404
4/4/2000,6427,-0.005446476
4/5/2000,6379.3,-0.007449493
4/6/2000,6451.1,0.011192285
4/7/2000,6569.9,0.018247953
4/10/2000,6533.4,-0.00557113
4/11/2000,6379.2,-0.023884784
4/12/2000,6350.8,-0.004461908
4/13/2000,6357,0.000975779
4/14/2000,6178.1,-0.028545787
4/17/2000,5994.6,-0.030151717
4/18/2000,6074,0.013158303
4/19/2000,6184.9,0.018093471
4/20/2000,6241.2,0.009061634
4/25/2000,6283,0.006675102
4/26/2000,6256.5,-0.00422665
4/27/2000,6179.3,-0.012415927
4/28/2000,6327.4,0.023684413
5/2/2000,6373.4,0.00724367
5/3/2000,6184.8,-0.03003841
5/4/2000,6199.6,0.002390105
5/5/2000,6238.8,0.006303082
5/8/2000,6216.3,-0.003612982
5/9/2000,6123.8,-0.014992056
5/10/2000,6100.6,-0.003795692
5/11/2000,6245.9,0.023538121
5/12/2000,6283.5,0.006001902
5/15/2000,6247.7,-0.005713754
5/16/2000,6318.4,0.011252616
5/17/2000,6196.2,-0.019529811
5/18/2000,6232.9,0.005905513
5/19/2000,6045.4,-0.030544062
5/22/2000,6035.5,-0.001638951
5/23/2000,6086.8,0.008463791
5/24/2000,6118.6,0.00521082
5/25/2000,6231.1,0.01821957
5/26/2000,6216.9,-0.002281492
5/30/2000,6359.6,0.022694092
5/31/2000,6359.3,-4.71739E-05
6/1/2000,6470.5,0.017335077
6/2/2000,6626.4,0.023808285
6/5/2000,6546.7,-0.012100564
6/6/2000,6546.8,1.52748E-05
6/7/2000,6503.8,-0.006589759
6/8/2000,6496.6,-0.001107658
6/9/2000,6443.8,-0.008160535
6/12/2000,6430.9,-0.002003931
6/13/2000,6447.1,0.00251592
6/14/2000,6536.3,0.013740839
6/15/2000,6490.8,-0.006985466
6/16/2000,6526,0.005408408
6/19/2000,6490.2,-0.005500851
6/20/2000,6526.9,0.005638752
6/21/2000,6477.8,-0.007551152
6/22/2000,6413.8,-0.009929028
6/23/2000,6391.5,-0.003482936
6/26/2000,6405.2,0.002141178
6/27/2000,6375.3,-0.004679012
6/28/2000,6313.5,-0.009740951
6/29/2000,6239,-0.011870285
6/30/2000,6312.7,0.011743564
7/3/2000,6470.4,0.024674453
7/4/2000,6417,-0.008287212
7/5/2000,6382.5,-0.005390849
7/6/2000,6419.6,0.00579594
7/7/2000,6497.5,0.012061677
7/10/2000,6466.2,-0.004828878
7/11/2000,6475.8,0.001483542
7/12/2000,6518.5,0.006572136
7/13/2000,6475.7,-0.006587578
7/14/2000,6475.4,-4.63281E-05
7/17/2000,6525.5,0.007707197
7/18/2000,6450.5,-0.011559931
7/19/2000,6465.4,0.002307235
7/20/2000,6469,0.000556655
7/21/2000,6378.4,-0.014104255
7/24/2000,6381.3,0.000454556
7/25/2000,6390.7,0.00147197
7/26/2000,6387.1,-0.000563477
7/27/2000,6352.1,-0.005494864
7/28/2000,6335.7,-0.002585162
7/31/2000,6365.3,0.004661059
8/1/2000,6379.3,0.00219701
8/2/2000,6391,0.001832377
8/3/2000,6317.1,-0.011630509
8/4/2000,6363.5,0.007318298
8/7/2000,6387.8,0.003811381
8/8/2000,6358.1,-0.004660331
8/9/2000,6414,0.008753511
8/10/2000,6387.3,-0.004171457
8/11/2000,6384.5,-0.000438466
8/14/2000,6419.9,0.005529363
8/15/2000,6475.5,0.008623283
8/16/2000,6532,0.00868735
8/17/2000,6518.2,-0.002114911
8/18/2000,6543.7,0.003904491
8/21/2000,6542.2,-0.000229254
8/22/2000,6584.8,0.006490462
8/23/2000,6566.2,-0.002828684
8/24/2000,6557,-0.001402097
8/25/2000,6563.7,0.001021287
8/29/2000,6586.3,0.003437266
8/30/2000,6615.1,0.004363181
8/31/2000,6672.7,0.008669661
9/1/2000,6795,0.018162472
9/4/2000,6798.1,0.000456114
9/5/2000,6752.5,-0.006730355
9/6/2000,6694.7,-0.008596638
9/7/2000,6689.2,-0.000821883
9/8/2000,6600.7,-0.013318582
9/11/2000,6582,-0.002837053
9/12/2000,6555.5,-0.004034259
9/13/2000,6478.2,-0.011861698
9/14/2000,6555.5,0.011861698
9/15/2000,6417.3,-0.021306923
9/18/2000,6410.2,-0.001106997
9/19/2000,6403.5,-0.001045756
9/20/2000,6279.9,-0.019490659
9/21/2000,6199.2,-0.012933805
9/22/2000,6205.9,0.001080201
9/25/2000,6257.1,0.008216367
9/26/2000,6213.2,-0.007040758
9/27/2000,6269.3,0.008988645
9/28/2000,6264.1,-0.000829783
9/29/2000,6294.2,0.004793652
10/2/2000,6284.5,-0.00154229
10/3/2000,6345,0.009580817
10/4/2000,6334.9,-0.001593073
10/5/2000,6382,0.0074075
10/6/2000,6391.2,0.001440516
10/9/2000,6264.8,-0.01997538
10/10/2000,6247.7,-0.002733268
10/11/2000,6117.6,-0.021043533
10/12/2000,6131.9,0.00233479
10/13/2000,6209.6,0.012591829
10/16/2000,6285.7,0.012180731
10/17/2000,6203.2,-0.013211924
10/18/2000,6148.2,-0.008905932
10/19/2000,6218.9,0.011433686
10/20/2000,6276.3,0.009187593
10/23/2000,6315.9,0.006289629
10/24/2000,6438.4,0.019209799
10/25/2000,6367.8,-0.011026021
10/26/2000,6302.3,-0.010339395
10/27/2000,6366.5,0.010135222
10/30/2000,6388.4,0.003433978
10/31/2000,6438.4,0.007796216
11/1/2000,6457.6,0.00297767
11/2/2000,6392,-0.010210523
11/3/2000,6385.4,-0.001033074
11/6/2000,6431,0.007115913
11/7/2000,6466.9,0.005566812
11/8/2000,6477.4,0.001622336
11/9/2000,6442.2,-0.005449099
11/10/2000,6400.2,-0.006540857
11/13/2000,6274.8,-0.019787628
11/14/2000,6412.9,0.021769975
11/15/2000,6432.3,0.003020586
11/16/2000,6430.4,-0.000295428
11/17/2000,6440.1,0.001507323
11/20/2000,6345,-0.014876967
11/21/2000,6382.1,0.005830096
11/22/2000,6221.4,-0.025502235
11/23/2000,6287.3,0.010536764
11/24/2000,6327.6,0.006389292
11/27/2000,6374.7,0.007416014
11/28/2000,6249.8,-0.019787568
11/29/2000,6164.9,-0.013677547
11/30/2000,6142.2,-0.003688932
12/1/2000,6170.4,0.004580681
12/4/2000,6158.7,-0.001897949
12/5/2000,6299,0.022525174
12/6/2000,6273.3,-0.004088359
12/7/2000,6231.4,-0.006701505
12/8/2000,6288.3,0.009089737
12/11/2000,6370.3,0.0129558
12/12/2000,6390.4,0.0031503
12/13/2000,6403,0.001969766
12/14/2000,6263.8,-0.021979601
12/15/2000,6175.8,-0.014148601
12/18/2000,6246.5,0.011382878
12/19/2000,6295,0.007734361
12/20/2000,6176.7,-0.018971519
12/21/2000,6115.5,-0.009957616
12/22/2000,6097.5,-0.002947681
12/27/2000,6218.2,0.019601625
12/28/2000,6223.2,0.000803768
12/29/2000,6222.5,-0.000112489
1/2/2001,6174.7,-0.007711457
1/3/2001,6039.9,-0.022072843
1/4/2001,6185.6,0.023836555
1/5/2001,6198.1,0.002018783
1/8/2001,6149.6,-0.007855754
1/9/2001,6088.1,-0.010050993
1/10/2001,6060.6,-0.004527241
1/11/2001,6114.9,0.008919611
1/12/2001,6165.5,0.008240821
1/15/2001,6170.3,0.000778223
1/16/2001,6083.3,-0.014200147
1/17/2001,6197.4,0.018582537
1/18/2001,6209.9,0.002014943
1/19/2001,6209.3,-9.66246E-05
1/22/2001,6232,0.00364914
1/23/2001,6214.7,-0.002779855
1/24/2001,6264.4,0.00796536
1/25/2001,6255.6,-0.001405751
1/26/2001,6294.3,0.006167399
1/29/2001,6317,0.00359995
1/30/2001,6334.5,0.002766472
1/31/2001,6297.5,-0.005858155
2/1/2001,6251.8,-0.007283307
2/2/2001,6256.4,0.000735518
2/5/2001,6269.2,0.002043815
2/6/2001,6293.4,0.00385271
2/7/2001,6225.6,-0.010831642
2/8/2001,6206.1,-0.003137144
2/9/2001,6164.3,-0.006758093
2/12/2001,6241.4,0.01242993
2/13/2001,6228.5,-0.002068983
2/14/2001,6176.2,-0.008432338
2/15/2001,6197.9,0.003507329
2/16/2001,6088.3,-0.017841628
2/19/2001,6094,0.000935784
2/20/2001,5980.1,-0.01886739
2/21/2001,5972.4,-0.001288434
2/22/2001,6003.1,0.005127146
2/23/2001,5943.7,-0.009944167
2/26/2001,5916.7,-0.004552974
2/27/2001,5941.2,0.004132272
2/28/2001,5917.9,-0.003929477
3/1/2001,5908.6,-0.00157274
3/2/2001,5858.6,-0.00849825
3/5/2001,5931.3,0.012332746
3/6/2001,6012,0.013514059
3/7/2001,6001.8,-0.001698048
3/8/2001,6003.2,0.000233236
3/9/2001,5917.3,-0.014412397
3/12/2001,5826.5,-0.015463787
3/13/2001,5720.7,-0.018325302
3/14/2001,5625.9,-0.01671024
3/15/2001,5729.2,0.01819497
3/16/2001,5562.8,-0.029474326
3/19/2001,5551.6,-0.002015404
3/20/2001,5646.8,0.017002839
3/21/2001,5540.7,-0.018968166
3/22/2001,5314.8,-0.041625465
3/23/2001,5402.3,0.016329407
3/26/2001,5576.6,0.031754483
3/27/2001,5728.1,0.026804616
3/28/2001,5614,-0.02012041
3/29/2001,5588.4,-0.004570457
3/30/2001,5633.7,0.008073399
4/2/2001,5618.5,-0.002701696
4/3/2001,5463.1,-0.02804833
4/4/2001,5535.7,0.013201632
4/5/2001,5621.8,0.015433871
4/6/2001,5601.5,-0.003617478
4/9/2001,5663.3,0.010972342
4/10/2001,5803,0.024368264
4/11/2001,5788.1,-0.002570939
4/12/2001,5766.6,-0.003721434
4/17/2001,5761.1,-0.000954223
4/18/2001,5890.2,0.022161524
4/19/2001,5871.6,-0.003162784
4/20/2001,5879.8,0.001395579
4/23/2001,5871.3,-0.001446673
4/24/2001,5840.3,-0.005293909
4/25/2001,5827.5,-0.002194073
4/26/2001,5868.3,0.006976892
4/27/2001,5951.4,0.014061502
4/30/2001,5966.9,0.002601044
5/1/2001,5928,-0.006540642
5/2/2001,5904.2,-0.004022926
5/3/2001,5765.8,-0.02372005
5/4/2001,5870.3,0.017961827
5/8/2001,5886.4,0.002738866
5/9/2001,5893.7,0.001239378
5/10/2001,5964,0.011857413
5/11/2001,5896.8,-0.011331566
5/14/2001,5690.5,-0.035611713
5/15/2001,5842.9,0.026429131
5/16/2001,5884,0.007009554
5/17/2001,5904.5,0.003477969
5/18/2001,5915,0.001776725
5/21/2001,5941.6,0.00448696
5/22/2001,5976.6,0.005873387
5/23/2001,5897.4,-0.013340269
5/24/2001,5915.9,0.003132066
5/25/2001,5889.8,-0.0044216
5/29/2001,5863.9,-0.00440713
5/30/2001,5796.9,-0.011491619
5/31/2001,5796.1,-0.000138014
6/1/2001,5809.6,0.002326444
6/4/2001,5856.5,0.008040434
6/5/2001,5922.5,0.011206502
6/6/2001,5901.5,-0.003552101
6/7/2001,5948.3,0.007898909
6/8/2001,5950.6,0.00038659
6/11/2001,5860.5,-0.015257131
6/12/2001,5804,-0.009687589
6/13/2001,5820.2,0.00278729
6/14/2001,5752.5,-0.011700082
6/15/2001,5723,-0.0051414
6/18/2001,5671.6,-0.009021879
6/19/2001,5680.4,0.001550388
6/20/2001,5699.6,0.003374344
6/21/2001,5641.4,-0.010263735
6/22/2001,5665.7,0.004298191
6/25/2001,5661.9,-0.000670928
6/26/2001,5555.7,-0.018935097
6/27/2001,5607.9,0.00935189
6/28/2001,5638.4,0.005424019
6/29/2001,5642.5,0.000726892
7/2/2001,5716.7,0.013064486
7/3/2001,5639.9,-0.013525381
7/4/2001,5600.5,-0.007010455
7/5/2001,5549.6,-0.009130026
7/6/2001,5479.2,-0.012766748
7/9/2001,5468.9,-0.001881606
7/10/2001,5467.9,-0.000182869
7/11/2001,5391.9,-0.013996803
7/12/2001,5481.6,0.016499202
7/13/2001,5537,0.010055809
7/16/2001,5517.1,-0.003600478
7/17/2001,5427.8,-0.016318465
7/18/2001,5404.6,-0.004283453
7/19/2001,5437.4,0.006050563
7/20/2001,5387.1,-0.009293799
7/23/2001,5405.3,0.003372747
7/24/2001,5320.2,-0.015869057
7/25/2001,5275.7,-0.008399525
7/26/2001,5286.1,0.001969362
7/27/2001,5403.1,0.021892129
7/30/2001,5446.7,0.008037058
7/31/2001,5529.1,0.015015133
8/1/2001,5546.9,0.00321416
8/2/2001,5584.5,0.00675569
8/3/2001,5547.6,-0.006629501
8/6/2001,5526.4,-0.003828793
8/7/2001,5536.8,0.001880108
8/8/2001,5476.5,-0.010950506
8/9/2001,5402.9,-0.013530364
8/10/2001,5427.2,0.004487501
8/13/2001,5431.1,0.000718345
8/14/2001,5507.8,0.014023578
8/15/2001,5461.6,-0.008423482
8/16/2001,5389.8,-0.013233509
8/17/2001,5342.1,-0.008889444
8/20/2001,5357.4,0.002859949
8/21/2001,5430.3,0.013515598
8/22/2001,5408.7,-0.003985613
8/23/2001,5396.5,-0.002258173
8/24/2001,5471.9,0.01387531
8/28/2001,5434.7,-0.006821584
8/29/2001,5417.6,-0.003151408
8/30/2001,5332.7,-0.015795236
8/31/2001,5345,0.002303868
9/3/2001,5312.1,-0.006174307
9/4/2001,5379.6,0.012626785
9/5/2001,5316,-0.011892881
9/6/2001,5204.3,-0.021235934
9/7/2001,5070.3,-0.02608522
9/10/2001,5033.7,-0.007244687
9/12/2001,4882.1,-0.030579845
9/13/2001,4943.6,0.012518356
9/14/2001,4755.7,-0.038749912
9/17/2001,4898.9,0.029666791
9/18/2001,4848.7,-0.010300062
9/19/2001,4721.7,-0.026541724
9/20/2001,4556.9,-0.035526336
9/21/2001,4433.7,-0.027408118
9/24/2001,4613.9,0.039839036
9/25/2001,4663.4,0.010671309
9/26/2001,4696.1,0.006987581
9/27/2001,4763.6,0.014271308
9/28/2001,4903.4,0.028925157
10/1/2001,4785.6,-0.024317433
10/2/2001,4832.3,0.009711136
10/3/2001,4881.8,0.01019146
10/4/2001,5016.2,0.027158671
10/5/2001,5036,0.003939441
10/8/2001,5032.7,-0.000655497
10/9/2001,5009.8,-0.004560625
10/10/2001,5153.1,0.028202481
10/11/2001,5164.9,0.002287266
10/12/2001,5145.5,-0.003763195
10/15/2001,5067.3,-0.015314415
10/16/2001,5082.6,0.00301481
10/17/2001,5203.4,0.023489316
10/18/2001,5116,-0.016939374
10/19/2001,5017.7,-0.019401222
10/22/2001,5070.4,0.010448049
10/23/2001,5193.3,0.023949623
10/24/2001,5167.6,-0.004960969
10/25/2001,5086.6,-0.015798733
10/26/2001,5188.6,0.01985428
10/29/2001,5085.9,-0.019991906
10/30/2001,5003.6,-0.016314352
10/31/2001,5039.7,0.007188903
11/1/2001,5071.2,0.006230919
11/2/2001,5129.5,0.011430713
11/5/2001,5209.1,0.015398908
11/6/2001,5214.1,0.000959398
11/7/2001,5216.3,0.000421844
11/8/2001,5278.1,0.011777846
11/9/2001,5244.2,-0.00644348
11/12/2001,5146.2,-0.018864126
11/13/2001,5277.1,0.025118126
11/14/2001,5240.7,-0.006921627
11/15/2001,5238.2,-0.000477149
11/16/2001,5291,0.010029336
11/19/2001,5338,0.008843787
11/20/2001,5298.7,-0.007389544
11/21/2001,5313.8,0.002845703
11/22/2001,5345.9,0.006022702
11/23/2001,5293.2,-0.009906934
11/26/2001,5302.5,0.00175543
11/27/2001,5266,-0.006907346
11/28/2001,5205.2,-0.011612935
11/29/2001,5208.5,0.000633781
11/30/2001,5203.6,-0.000941213
12/3/2001,5164.6,-0.007523039
12/4/2001,5212.1,0.00915519
12/5/2001,5333.5,0.023024838
12/6/2001,5369.8,0.006782981
12/7/2001,5264.7,-0.0197665
12/10/2001,5185,-0.015254322
12/11/2001,5160.8,-0.004678235
12/12/2001,5120,-0.007937167
12/13/2001,5074.9,-0.008847619
12/14/2001,5061,-0.002742728
12/17/2001,5136.3,0.014768884
12/18/2001,5151.1,0.002877308
12/19/2001,5120.6,-0.005938664
12/20/2001,5080.2,-0.007920989
12/21/2001,5159.2,0.015430898
12/24/2001,5177.4,0.003521471
12/27/2001,5213.2,0.006890871
12/28/2001,5242.4,0.005585538
12/31/2001,5217.4,-0.004780215
1/2/2002,5218.3,0.000172485
1/3/2002,5318.8,0.019076036
1/4/2002,5323.8,0.00093962
1/7/2002,5293.6,-0.00568879
1/8/2002,5250.4,-0.00819428
1/9/2002,5228.5,-0.004179834
1/10/2002,5190.7,-0.007255867
1/11/2002,5198.6,0.001520796
1/14/2002,5113.5,-0.016505257
1/15/2002,5166,0.010214593
1/16/2002,5127.6,-0.007460981
1/17/2002,5138.4,0.002104034
1/18/2002,5126.8,-0.002260064
1/21/2002,5138.5,0.002279525
1/22/2002,5149.2,0.002080155
1/23/2002,5180.6,0.006079517
1/24/2002,5233.1,0.010082957
1/25/2002,5193,-0.007692272
1/28/2002,5223.6,0.005875255
1/29/2002,5131.4,-0.017808293
1/30/2002,5089.3,-0.00823823
1/31/2002,5164.8,0.014726083
2/1/2002,5189.7,0.004809512
2/4/2002,5167.3,-0.004325584
2/5/2002,5093.4,-0.014404724
2/6/2002,5073.8,-0.00385554
2/7/2002,5127,0.010430649
2/8/2002,5128.1,0.000214527
2/11/2002,5161.8,0.006550136
2/12/2002,5135.7,-0.005069202
2/13/2002,5153.9,0.003537556
2/14/2002,5208.7,0.010576595
2/15/2002,5182.5,-0.005042739
2/18/2002,5154.3,-0.005456248
2/19/2002,5092.5,-0.012062449
2/20/2002,5024.1,-0.013522536
2/21/2002,5073.3,0.00974516
2/22/2002,5050.8,-0.004444847
2/25/2002,5100.7,0.009831139
2/26/2002,5139,0.007480723
2/27/2002,5178.4,0.00763762
2/28/2002,5101,-0.015059529
3/1/2002,5169,0.013242647
3/4/2002,5242,0.014023859
3/5/2002,5214,-0.005355789
3/6/2002,5245.5,0.006023251
3/7/2002,5282.1,0.00695318
3/8/2002,5285.7,0.000681315
3/11/2002,5258.9,-0.005083181
3/12/2002,5252.5,-0.001217726
3/13/2002,5272,0.003705643
3/14/2002,5261.4,-0.002012646
3/15/2002,5292.7,0.005931362
3/18/2002,5299.9,0.00135944
3/19/2002,5316.1,0.003051999
3/20/2002,5266.9,-0.009297998
3/21/2002,5253.3,-0.002585504
3/22/2002,5250.5,-0.00053314
3/25/2002,5203.6,-0.008972616
3/26/2002,5195.5,-0.001557827
3/27/2002,5214.7,0.003688694
3/28/2002,5271.8,0.0108903
4/2/2002,5251.4,-0.003877152
4/3/2002,5247.8,-0.000685767
4/4/2002,5209.5,-0.007325059
4/5/2002,5233.6,0.004615496
4/8/2002,5178.6,-0.010564628
4/9/2002,5179.6,0.000193084
4/10/2002,5229.1,0.009511346
4/11/2002,5137.4,-0.017692064
4/12/2002,5161,0.004583244
4/15/2002,5201.4,0.007797461
4/16/2002,5259.9,0.011184195
4/17/2002,5263.9,0.000760182
4/18/2002,5229.4,-0.006575648
4/19/2002,5243.6,0.002711737
4/22/2002,5221.5,-0.004223568
4/23/2002,5191,-0.00585836
4/24/2002,5218.2,0.005226158
4/25/2002,5197.5,-0.003974774
4/26/2002,5159,-0.007434978
4/29/2002,5153.9,-0.000989053
4/30/2002,5165.6,0.002267553
5/1/2002,5125.5,-0.007793181
5/2/2002,5174.1,0.00943733
5/3/2002,5203.1,0.005589191
5/7/2002,5119.9,-0.016119694
5/8/2002,5209.1,0.017272189
5/9/2002,5197.6,-0.002210116
5/10/2002,5171.2,-0.005092211
5/13/2002,5204.8,0.006476507
5/14/2002,5239.5,0.006644797
5/15/2002,5259.1,0.003733836
5/16/2002,5248.5,-0.002017588
5/17/2002,5218,-0.005828135
5/20/2002,5208.1,-0.001899081
5/21/2002,5197.2,-0.002095087
5/22/2002,5151.9,-0.00875444
5/23/2002,5175.3,0.00453173
5/24/2002,5169.1,-0.001198716
5/27/2002,5136.3,-0.006365616
5/28/2002,5074.2,-0.012164099
5/29/2002,5083,0.001732761
5/30/2002,5040.8,-0.008336839
5/31/2002,5085.1,0.008749895
6/5/2002,4989.1,-0.019059162
6/6/2002,4957.6,-0.00633378
6/7/2002,4920.4,-0.007531925
6/10/2002,4928.2,0.001583982
6/11/2002,4934.8,0.001338335
6/12/2002,4851.7,-0.016982986
6/13/2002,4771.9,-0.016584611
6/14/2002,4630.8,-0.030014909
6/17/2002,4756.8,0.026845534
6/18/2002,4702,-0.011587223
6/19/2002,4652.4,-0.010604735
6/20/2002,4580.3,-0.015618717
6/21/2002,4605.3,0.005443316
6/24/2002,4541.9,-0.013862387
6/25/2002,4631,0.019427401
6/26/2002,4531,-0.021830162
6/27/2002,4540.6,0.002116496
6/28/2002,4656.4,0.025183455
7/1/2002,4685.8,0.006294041
7/2/2002,4546.8,-0.03011297
7/3/2002,4392.6,-0.034502382
7/4/2002,4471.2,0.017735522
7/5/2002,4615.6,0.031785041
7/8/2002,4601.3,-0.003102998
7/9/2002,4542.9,-0.012773298
7/10/2002,4420.1,-0.027403254
7/11/2002,4230,-0.043960327
7/12/2002,4224.1,-0.001395773
7/15/2002,3994.5,-0.055887805
7/16/2002,4021.9,0.006836013
7/17/2002,4190.6,0.041089494
7/18/2002,4297.3,0.025142997
7/19/2002,4098.3,-0.047414665
7/22/2002,3895.5,-0.050750213
7/23/2002,3858,-0.009673126
7/24/2002,3777.1,-0.021192395
7/25/2002,3965.9,0.048776296
7/26/2002,4016.6,0.012702958
7/29/2002,4202.7,0.045291402
7/30/2002,4180.9,-0.005200642
7/31/2002,4246.2,0.015497931
8/1/2002,4044.5,-0.048666532
8/2/2002,4075.5,0.007635505
8/5/2002,3996.4,-0.019599483
8/6/2002,4131,0.033125553
8/7/2002,4094.4,-0.008899322
8/8/2002,4240.5,0.035061
8/9/2002,4322.4,0.019129617
8/12/2002,4221.6,-0.0235966
8/13/2002,4271.7,0.011797671
8/14/2002,4171.1,-0.023832084
8/15/2002,4327.5,0.036810218
8/16/2002,4330,0.000577534
8/19/2002,4426.8,0.022109433
8/20/2002,4368.9,-0.013165714
8/21/2002,4364.8,-0.000938892
8/22/2002,4434.7,0.015887601
8/23/2002,4389.8,-0.010176302
8/27/2002,4449.7,0.01355301
8/28/2002,4274,-0.040286521
8/29/2002,4209.3,-0.015253794
8/30/2002,4227.3,0.004267128
9/2/2002,4180.9,-0.011036957
9/3/2002,4028.6,-0.037107613
9/4/2002,4026.9,-0.000422072
9/5/2002,4011,-0.003956262
9/6/2002,4107.2,0.023700944
9/9/2002,4062.4,-0.010967599
9/10/2002,4175.5,0.02746018
9/11/2002,4210.7,0.008394793
9/12/2002,4084.9,-0.030331656
9/13/2002,4008,-0.019004884
9/16/2002,4044.3,0.009016119
9/17/2002,4025.1,-0.004758727
9/18/2002,3865.4,-0.040484586
9/19/2002,3813.5,-0.013517767
9/20/2002,3860.1,0.012145687
9/23/2002,3739.4,-0.031767919
9/24/2002,3671.1,-0.018433826
9/25/2002,3696.2,0.00681392
9/26/2002,3850.6,0.040923715
9/27/2002,3907.2,0.014592025
9/30/2002,3721.8,-0.048613583
10/1/2002,3797.4,0.0201092
10/2/2002,3905.2,0.027992376
10/3/2002,3880.3,-0.006396528
10/4/2002,3813.8,-0.017286403
10/7/2002,3780.9,-0.008663991
10/8/2002,3730.5,-0.013419804
10/9/2002,3742.4,0.003184844
10/10/2002,3777.3,0.009282352
10/11/2002,3953.4,0.045566499
10/14/2002,3931.6,-0.0055295
10/15/2002,4130.3,0.049303576
10/16/2002,4057.7,-0.017733733
10/17/2002,4170.7,0.027467577
10/18/2002,4130.5,-0.009685422
10/21/2002,4133.8,0.000798616
10/22/2002,4118.9,-0.003610943
10/23/2002,4006.9,-0.027568262
10/24/2002,4103.7,0.023871131
10/25/2002,4051.1,-0.012900557
10/28/2002,4090.5,0.009678763
10/29/2002,3935.9,-0.03852764
10/30/2002,4002.7,0.016829561
10/31/2002,4039.7,0.009201298
11/1/2002,3997,-0.010626352
11/4/2002,4141.5,0.035513961
11/5/2002,4146.1,0.001110092
11/6/2002,4103.7,-0.010279128
11/7/2002,4081.3,-0.005473441
11/8/2002,4034.6,-0.011508401
11/11/2002,4015.6,-0.004720388
11/12/2002,4085,0.017134952
11/13/2002,4029.4,-0.013704247
11/14/2002,4053.1,0.005864539
11/15/2002,4091.6,0.009454071
11/18/2002,4116,0.005945726
11/19/2002,4096.5,-0.004748867
11/20/2002,4094.9,-0.000390654
11/21/2002,4190,0.022958437
11/22/2002,4175.2,-0.003538473
11/25/2002,4122.2,-0.01277526
11/26/2002,4071,-0.012498332
11/27/2002,4144.2,0.017821097
11/28/2002,4185.4,0.009892512
11/29/2002,4169.4,-0.003830138
12/2/2002,4154.3,-0.003628198
12/3/2002,4075.4,-0.019175041
12/4/2002,4048.6,-0.006597759
12/5/2002,4032.4,-0.00400941
12/6/2002,4013.5,-0.004698054
12/9/2002,3933.9,-0.020032378
12/10/2002,3925,-0.002264949
12/11/2002,3974.9,0.012633239
12/12/2002,3935.3,-0.010012473
12/13/2002,3878.1,-0.014641775
12/16/2002,3984,0.026940997
12/17/2002,3908.7,-0.019081502
12/18/2002,3835.2,-0.018983253
12/19/2002,3841.4,0.001615299
12/20/2002,3889.9,0.012546567
12/23/2002,3936.9,0.012010161
12/24/2002,3942.1,0.001319965
12/27/2002,3829.4,-0.029005443
12/30/2002,3900.6,0.018422254
12/31/2002,3940.4,0.010151854
1/2/2003,4009.5,0.017384304
1/3/2003,4004.9,-0.001147934
1/6/2003,4001.4,-0.000874312
1/7/2003,3957.4,-0.011057056
1/8/2003,3924.8,-0.008271849
1/9/2003,3934,0.002341325
1/10/2003,3974.1,0.010141587
1/13/2003,3948.3,-0.006513201
1/14/2003,3945.6,-0.000684073
1/15/2003,3887.8,-0.014757589
1/16/2003,3881.8,-0.001544481
1/17/2003,3820.6,-0.015891485
1/20/2003,3778.6,-0.011053908
1/21/2003,3736.7,-0.011150702
1/22/2003,3678,-0.015833743
1/23/2003,3622.2,-0.01528755
1/24/2003,3603.7,-0.005120481
1/27/2003,3480.8,-0.034698943
1/28/2003,3490,0.002639584
1/29/2003,3483.8,-0.001778084
1/30/2003,3578.7,0.026875954
1/31/2003,3567.4,-0.003162567
2/3/2003,3689.4,0.033626804
2/4/2003,3590.1,-0.027283786
2/5/2003,3678.7,0.024379372
2/6/2003,3597,-0.022459264
2/7/2003,3599.2,0.000611434
2/10/2003,3579.1,-0.005600226
2/11/2003,3669.2,0.024862282
2/12/2003,3616.1,-0.014577558
2/13/2003,3610.8,-0.001466743
2/14/2003,3611.9,0.000304595
2/17/2003,3692.4,0.022042703
2/18/2003,3729.5,0.009997523
2/19/2003,3658.3,-0.019275618
2/20/2003,3687.2,0.007868804
2/21/2003,3727.1,0.010763089
2/24/2003,3701.8,-0.006811264
2/25/2003,3621.5,-0.021930883
2/26/2003,3593.3,-0.007817304
2/27/2003,3569.9,-0.006533416
2/28/2003,3655.6,0.023722654
3/3/2003,3684.7,0.007928873
3/4/2003,3625.3,-0.016252068
3/5/2003,3563.5,-0.017193836
3/6/2003,3555.4,-0.002275633
3/7/2003,3491.6,-0.018107491
3/10/2003,3436,-0.01605208
3/11/2003,3452.7,0.00484853
3/12/2003,3287,-0.049181239
3/13/2003,3486.9,0.059037795
3/14/2003,3601.8,0.032420631
3/17/2003,3722.3,0.032908036
3/18/2003,3747.3,0.006693824
3/19/2003,3765.4,0.004818517
3/20/2003,3765.7,7.96696E-05
3/21/2003,3861.1,0.02501835
3/24/2003,3743.3,-0.030984542
3/25/2003,3762,0.004983156
3/26/2003,3793.1,0.008232896
3/27/2003,3729.1,-0.017016709
3/28/2003,3708.5,-0.005539435
3/31/2003,3613.3,-0.026006
4/1/2003,3684.8,0.019594768
4/2/2003,3753.4,0.018445846
4/3/2003,3771.1,0.00470464
4/4/2003,3814.4,0.011416642
4/7/2003,3935.8,0.031330786
4/8/2003,3868.8,-0.017169783
4/9/2003,3861.4,-0.001914569
4/10/2003,3803.3,-0.015160701
4/11/2003,3808.1,0.001261266
4/14/2003,3849.4,0.010786915
4/15/2003,3916.8,0.017357702
4/16/2003,3854.9,-0.015929928
4/17/2003,3889.2,0.008858415
4/22/2003,3917.7,0.007301266
4/23/2003,3966.5,0.012379347
4/24/2003,3899,-0.017163984
4/25/2003,3870.2,-0.007413925
4/28/2003,3940.3,0.017950677
4/29/2003,3927.8,-0.00317739
4/30/2003,3926,-0.000458377
5/1/2003,3880.1,-0.011760169
5/2/2003,3952.6,0.018512664
5/6/2003,4006.4,0.013519492
5/7/2003,3992.9,-0.003375299
5/8/2003,3928.9,-0.016158295
5/9/2003,3969.4,0.010255461
5/12/2003,3987.4,0.00452444
5/13/2003,3999.9,0.003129971
5/14/2003,3975,-0.006244613
5/15/2003,4011.1,0.00904077
5/16/2003,4049,0.009404419
5/19/2003,3941.3,-0.026959319
5/20/2003,3971.6,0.007658418
5/21/2003,3936.4,-0.008902436
5/22/2003,3990.4,0.013624876
5/23/2003,3979.8,-0.00265991
5/27/2003,3992.4,0.003160987
5/28/2003,4071.9,0.019717167
5/29/2003,4083.6,0.002869231
5/30/2003,4048.1,-0.008731317
6/2/2003,4129.3,0.019860266
6/3/2003,4115.7,-0.003298972
6/4/2003,4126.6,0.002644894
6/5/2003,4104.3,-0.005418619
6/6/2003,4150.8,0.011265882
6/9/2003,4129.1,-0.005241621
6/10/2003,4113,-0.003906776
6/11/2003,4150.1,0.008979741
6/12/2003,4161.3,0.002695095
6/13/2003,4134.1,-0.006557875
6/16/2003,4152.9,0.004537235
6/17/2003,4190.4,0.008989309
6/18/2003,4207,0.00395361
6/19/2003,4131.5,-0.018109267
6/20/2003,4160.1,0.006898575
6/23/2003,4087.9,-0.017507722
6/24/2003,4060.9,-0.006626767
6/25/2003,4067.9,0.001722272
6/26/2003,4041.7,-0.0064615
6/27/2003,4067.8,0.006436917
6/30/2003,4031.2,-0.009038214
7/1/2003,3963.9,-0.016835709
7/2/2003,4006.9,0.010789486
7/3/2003,4024.8,0.004457345
7/4/2003,4021.5,-0.000820253
7/7/2003,4074.8,0.013166698
7/8/2003,4073.6,-0.000294536
7/9/2003,4054.7,-0.004650427
7/10/2003,4028.8,-0.006408137
7/11/2003,4058.1,0.007246319
7/14/2003,4127.6,0.01698124
7/15/2003,4102.5,-0.00609958
7/16/2003,4077.1,-0.006210593
7/17/2003,4056.6,-0.005040767
7/18/2003,4073.2,0.004083747
7/21/2003,4044.3,-0.007120449
7/22/2003,4079.7,0.008714974
7/23/2003,4086.5,0.001665402
7/24/2003,4149.6,0.015323086
7/25/2003,4131.2,-0.004444022
7/28/2003,4148.8,0.004251214
7/29/2003,4137,-0.002848248
7/30/2003,4141.2,0.001014713
7/31/2003,4157,0.003808059
8/1/2003,4098.4,-0.014197007
8/4/2003,4100.1,0.00041471
8/5/2003,4121,0.005084489
8/6/2003,4070.4,-0.012354578
8/7/2003,4095.6,0.006171952
8/8/2003,4147.8,0.012664846
8/11/2003,4176.7,0.006943388
8/12/2003,4185.6,0.002128602
8/13/2003,4180.7,-0.001171366
8/14/2003,4237.8,0.01356557
8/15/2003,4247.3,0.00223922
8/18/2003,4272.1,0.005822023
8/19/2003,4250.8,-0.004998309
8/20/2003,4217.4,-0.007888376
8/21/2003,4223.5,0.001445344
8/22/2003,4225.9,0.000568088
8/26/2003,4177.4,-0.011543212
8/27/2003,4206.4,0.006918132
8/28/2003,4198,-0.001998954
8/29/2003,4161.1,-0.008828759
9/1/2003,4204.4,0.010352134
9/2/2003,4204.4,0
9/3/2003,4262.1,0.013630401
9/4/2003,4248.8,-0.003125406
9/5/2003,4257.2,0.001975077
9/8/2003,4292.1,0.008164456
9/9/2003,4263.9,-0.006591889
9/10/2003,4252.1,-0.002771256
9/11/2003,4242.2,-0.002330976
9/12/2003,4237.8,-0.001037736
9/15/2003,4260.9,0.005436139
9/16/2003,4299,0.008902032
9/17/2003,4293,-0.001396648
9/18/2003,4314.7,0.005042008
9/19/2003,4257,-0.01346311
9/22/2003,4228.2,-0.006788316
9/23/2003,4221.7,-0.00153848
9/24/2003,4236.4,0.003475961
9/25/2003,4202.2,-0.008105654
9/26/2003,4157.1,-0.010790482
9/29/2003,4142.7,-0.003469967
9/30/2003,4091.3,-0.012484981
10/1/2003,4169.2,0.018861403
10/2/2003,4209.1,0.009524677
10/3/2003,4274,0.015301309
10/6/2003,4270.1,-0.000912911
10/7/2003,4272,0.000444855
10/8/2003,4268.6,-0.000796197
10/9/2003,4313.9,0.010556463
10/10/2003,4311,-0.000672472
10/13/2003,4362.3,0.011829545
10/14/2003,4334.1,-0.006485465
10/15/2003,4368.8,0.007974396
10/16/2003,4339.7,-0.006683151
10/17/2003,4344,0.000990361
10/20/2003,4347.5,0.000805385
10/21/2003,4352.3,0.001103474
10/22/2003,4285.6,-0.015443875
10/23/2003,4240.2,-0.010650128
10/24/2003,4239,-0.000283046
10/27/2003,4251.3,0.002897426
10/28/2003,4272.9,0.005067935
10/29/2003,4265.7,-0.00168646
10/30/2003,4300.9,0.008218009
10/31/2003,4287.6,-0.003097167
11/3/2003,4332.6,0.010440688
11/4/2003,4330.3,-0.000531
11/5/2003,4303.4,-0.006231416
11/6/2003,4324.2,0.004821744
11/7/2003,4376.9,0.012113559
11/10/2003,4341.8,-0.008051703
11/11/2003,4345.1,0.000759765
11/12/2003,4371.2,0.005988798
11/13/2003,4373,0.000411701
11/14/2003,4397,0.005473218
11/17/2003,4338.9,-0.01330163
11/18/2003,4354.7,0.003634862
11/19/2003,4327.4,-0.006288822
11/20/2003,4308,-0.00449314
11/21/2003,4319,0.002550135
11/24/2003,4382.4,0.014572626
11/25/2003,4388.7,0.001436536
11/26/2003,4370.3,-0.004201399
11/27/2003,4361.1,-0.002107338
11/28/2003,4342.6,-0.004251072
12/1/2003,4410,0.015401442
12/2/2003,4378.9,-0.007077138
12/3/2003,4392,0.002987153
12/4/2003,4378.2,-0.003147023
12/5/2003,4367,-0.002561407
12/8/2003,4359.8,-0.00165009
12/9/2003,4379.6,0.004531211
12/10/2003,4335.4,-0.010143518
12/11/2003,4331.3,-0.00094615
12/12/2003,4347.6,0.003756241
12/15/2003,4348,9.20006E-05
12/16/2003,4333,-0.003455827
12/17/2003,4354.2,0.004880754
12/18/2003,4397.3,0.00984982
12/19/2003,4412.3,0.003405379
12/22/2003,4424,0.002648169
12/23/2003,4440.9,0.003812794
12/24/2003,4444.7,0.000855317
12/29/2003,4457.5,0.002875696
12/30/2003,4470.4,0.002889819
12/31/2003,4476.9,0.001452953
1/2/2004,4510.2,0.007410656
1/5/2004,4513.3,0.000687095
1/6/2004,4505.2,-0.001796308
1/7/2004,4473,-0.007172961
1/8/2004,4494.2,0.004728352
1/9/2004,4466.3,-0.006227351
1/12/2004,4449.6,-0.003746121
1/13/2004,4440.1,-0.002137306
1/14/2004,4461.4,0.004785719
1/15/2004,4456.1,-0.001188674
1/16/2004,4487.9,0.007110942
1/19/2004,4518.1,0.006706665
1/20/2004,4499.3,-0.004169722
1/21/2004,4511.2,0.002641364
1/22/2004,4476.8,-0.007654688
1/23/2004,4460.8,-0.003580383
1/26/2004,4445.5,-0.003435774
1/27/2004,4447,0.000337363
1/28/2004,4468.1,0.004733551
1/29/2004,4411.5,-0.012748495
1/30/2004,4390.7,-0.0047261
2/2/2004,4381.4,-0.00212036
2/3/2004,4390.6,0.002097584
2/4/2004,4398.5,0.001797682
2/5/2004,4384.4,-0.003210787
2/6/2004,4402.7,0.004165203
2/9/2004,4434.4,0.00717433
2/10/2004,4404.9,-0.006674761
2/11/2004,4396,-0.002022521
2/12/2004,4377.7,-0.004171564
2/13/2004,4412,0.007804629
2/16/2004,4408.1,-0.000884344
2/17/2004,4461.5,0.012041275
2/18/2004,4442.9,-0.004177716
2/19/2004,4515.6,0.016230752
2/20/2004,4515,-0.000132882
2/23/2004,4524.3,0.002057682
2/24/2004,4496.8,-0.006096836
2/25/2004,4507.5,0.002376643
2/26/2004,4515.9,0.001861826
2/27/2004,4492.2,-0.005261943
3/1/2004,4537,0.009923441
3/2/2004,4540.1,0.000683038
3/3/2004,4525.1,-0.003309362
3/4/2004,4559.1,0.007485559
3/5/2004,4547.1,-0.002635569
3/8/2004,4553.8,0.001472382
3/9/2004,4542,-0.002594606
3/10/2004,4545.3,0.000726288
3/11/2004,4445.2,-0.02226887
3/12/2004,4467.4,0.004981722
3/15/2004,4412.9,-0.012274514
3/16/2004,4428.9,0.003619177
3/17/2004,4456.8,0.006279773
3/18/2004,4397.9,-0.013303865
3/19/2004,4417.7,0.004492044
3/22/2004,4333.8,-0.019174443
3/23/2004,4318.5,-0.003536636
3/24/2004,4309.4,-0.002109436
3/25/2004,4373.6,0.014787785
3/26/2004,4357.5,-0.00368797
3/29/2004,4406.7,0.011227612
3/30/2004,4412.8,0.001383299
3/31/2004,4385.7,-0.00616016
4/1/2004,4410.7,0.005684159
4/2/2004,4465.6,0.012370177
4/5/2004,4480.7,0.0033757
4/6/2004,4472.8,-0.001764673
4/7/2004,4468.7,-0.000917072
4/8/2004,4489.7,0.004688346
4/13/2004,4515.8,0.005796474
4/14/2004,4485.4,-0.006754681
4/15/2004,4505.5,0.004471195
4/16/2004,4537.3,0.007033249
4/19/2004,4546.2,0.001959598
4/20/2004,4569,0.005002643
4/21/2004,4539.9,-0.006389377
4/22/2004,4571.8,0.007002015
4/23/2004,4570,-0.000393796
4/26/2004,4571.8,0.000393796
4/27/2004,4575.7,0.000852692
4/28/2004,4524.5,-0.011252619
4/29/2004,4519.5,-0.001105706
4/30/2004,4489.7,-0.006615484
5/4/2004,4547.2,0.012725775
5/5/2004,4569.5,0.004892131
5/6/2004,4516.2,-0.011732857
5/7/2004,4498.4,-0.003949154
5/10/2004,4395.2,-0.023208742
5/11/2004,4454.7,0.013446682
5/12/2004,4412.9,-0.009427649
5/13/2004,4453.8,0.009225595
5/14/2004,4441.8,-0.002697965
5/17/2004,4403,-0.008773573
5/18/2004,4414.4,0.002585798
5/19/2004,4471.8,0.012919088
5/20/2004,4428.7,-0.009684925
5/21/2004,4431.4,0.000609474
5/24/2004,4428.9,-0.000564315
5/25/2004,4418,-0.002464141
5/26/2004,4438.3,0.004584315
5/27/2004,4453.6,0.003441338
5/28/2004,4430.7,-0.005155173
6/1/2004,4422.7,-0.001807216
6/2/2004,4422.8,2.26104E-05
6/3/2004,4435.4,0.002844824
6/4/2004,4454.4,0.004274568
6/7/2004,4491.6,0.008316614
6/8/2004,4504.8,0.002934509
6/9/2004,4489.5,-0.003402158
6/10/2004,4486.1,-0.00075761
6/11/2004,4484,-0.000468222
6/14/2004,4433.2,-0.011393834
6/15/2004,4458.6,0.005713144
6/16/2004,4491.1,0.007262845
6/17/2004,4493.3,0.000489738
6/18/2004,4505.8,0.002778057
6/21/2004,4502.2,-0.00079929
6/22/2004,4468.5,-0.007513384
6/23/2004,4486.7,0.004064683
6/24/2004,4503.2,0.00367079
6/25/2004,4494.1,-0.00202283
6/28/2004,4518.7,0.005458916
6/29/2004,4512.4,-0.001395179
6/30/2004,4464.1,-0.010761536
7/1/2004,4424.7,-0.008865147
7/2/2004,4407.4,-0.003917533
7/5/2004,4403.3,-0.000930687
7/6/2004,4370.7,-0.00743108
7/7/2004,4358.4,-0.002818162
7/8/2004,4381.1,0.005194817
7/9/2004,4393.2,0.002758057
7/12/2004,4360,-0.007585834
7/13/2004,4357.7,-0.000527662
7/14/2004,4372.6,0.003413403
7/15/2004,4340.7,-0.007322172
7/16/2004,4339.2,-0.000345626
7/19/2004,4321.1,-0.00418
7/20/2004,4339.4,0.00422609
7/21/2004,4377.3,0.008696006
7/22/2004,4306.3,-0.016353029
7/23/2004,4326.3,0.004633607
7/26/2004,4287,-0.009125486
7/27/2004,4324.9,0.008801831
7/28/2004,4356.2,0.007211099
7/29/2004,4418.7,0.014245417
7/30/2004,4413.1,-0.001268145
8/2/2004,4415.7,0.000588982
8/3/2004,4429.7,0.00316549
8/4/2004,4408.1,-0.004888104
8/5/2004,4413.4,0.00120161
8/6/2004,4337.9,-0.017255007
8/9/2004,4314.4,-0.005432095
8/10/2004,4350.9,0.008424455
8/11/2004,4312.2,-0.008934506
8/12/2004,4328.1,0.003680432
8/13/2004,4301.5,-0.006164848
8/16/2004,4350.2,0.011258022
8/17/2004,4358.7,0.001952027
8/18/2004,4355.2,-0.000803314
8/19/2004,4362.6,0.001697676
8/20/2004,4369.2,0.001511716
8/23/2004,4405.3,0.008228436
8/24/2004,4407.5,0.000499274
8/25/2004,4411.6,0.0009298
8/26/2004,4453.9,0.009542681
8/27/2004,4490.1,0.008094856
8/31/2004,4459.3,-0.00688317
9/1/2004,4502,0.009529939
9/2/2004,4518.6,0.003680469
9/3/2004,4550.8,0.00710083
9/6/2004,4563.8,0.002852568
9/7/2004,4565.6,0.00039433
9/8/2004,4558.4,-0.001578255
9/9/2004,4538,-0.004485298
9/10/2004,4545,0.001541341
9/13/2004,4558.5,0.002965894
9/14/2004,4545.6,-0.00283389
9/15/2004,4548.4,0.000615791
9/16/2004,4556.5,0.001779262
9/17/2004,4591,0.00754308
9/20/2004,4579.5,-0.002508043
9/21/2004,4608.4,0.006290903
9/22/2004,4592.3,-0.003499737
9/23/2004,4568.3,-0.005239843
9/24/2004,4578.1,0.00214292
9/27/2004,4541.2,-0.008092771
9/28/2004,4567.3,0.005730926
9/29/2004,4588.1,0.004543774
9/30/2004,4570.8,-0.003777751
10/1/2004,4659.6,0.019241363
10/4/2004,4681.8,0.004753044
10/5/2004,4707.1,0.005389356
10/6/2004,4706.3,-0.00016997
10/7/2004,4698.7,-0.001616162
10/8/2004,4698.9,4.25641E-05
10/11/2004,4685.5,-0.002855805
10/12/2004,4647.9,-0.008057129
10/13/2004,4634.8,-0.002822457
10/14/2004,4629.4,-0.001165778
10/15/2004,4622.7,-0.00144832
10/18/2004,4626.6,0.000843307
10/19/2004,4655.2,0.006162617
10/20/2004,4616.4,-0.008369694
10/21/2004,4617.4,0.000216596
10/22/2004,4615.4,-0.000433238
10/25/2004,4564.5,-0.011089559
10/26/2004,4583.4,0.004132102
10/27/2004,4630.1,0.010137385
10/28/2004,4642.8,0.002739166
10/29/2004,4624.2,-0.004014249
11/1/2004,4673.8,0.010669062
11/2/2004,4693.2,0.004142207
11/3/2004,4718.5,0.0053763
11/4/2004,4728.3,0.002074777
11/5/2004,4739.8,0.002429211
11/8/2004,4716.6,-0.00490674
11/9/2004,4717.7,0.000233192
11/10/2004,4734.5,0.003554732
11/11/2004,4776.9,0.008915676
11/12/2004,4793.9,0.003552476
11/15/2004,4803.1,0.001917266
11/16/2004,4770.4,-0.006831384
11/17/2004,4795.9,0.005331227
11/18/2004,4805.3,0.001958089
11/19/2004,4760.8,-0.009303754
11/22/2004,4733.1,-0.005835342
11/23/2004,4742.4,0.001962958
11/24/2004,4719.4,-0.004861664
11/25/2004,4753.4,0.007178479
11/26/2004,4741.5,-0.00250661
11/29/2004,4749.8,0.001748971
11/30/2004,4703.2,-0.009859384
12/1/2004,4735.7,0.006886423
12/2/2004,4751.2,0.003267667
12/3/2004,4747.9,-0.000694803
12/6/2004,4722.8,-0.005300571
12/7/2004,4728.7,0.001248479
12/8/2004,4703.9,-0.005258371
12/9/2004,4688.4,-0.003300579
12/10/2004,4694,0.001193725
12/13/2004,4736.8,0.009076705
12/14/2004,4722.8,-0.002959958
12/15/2004,4728.2,0.001142736
12/16/2004,4735.2,0.001479384
12/17/2004,4696.8,-0.008142539
12/20/2004,4731.1,0.007276308
12/21/2004,4733,0.000401517
12/22/2004,4777.4,0.009337215
12/23/2004,4787.7,0.002153664
12/24/2004,4798.1,0.002169877
12/29/2004,4819.8,0.004512427
12/30/2004,4820.1,6.22413E-05
12/31/2004,4814.3,-0.001204019
1/4/2005,4847,0.006769301
1/5/2005,4806,-0.00849482
1/6/2005,4824.3,0.003800509
1/7/2005,4854.1,0.006158062
1/10/2005,4840.7,-0.00276437
1/11/2005,4818.7,-0.004555156
1/12/2005,4783.6,-0.007310781
1/13/2005,4800.3,0.003485015
1/14/2005,4820.8,0.004261473
1/17/2005,4846.7,0.005358172
1/18/2005,4823.9,-0.004715331
1/19/2005,4818.3,-0.001161561
1/20/2005,4800.8,-0.003638598
1/21/2005,4803.3,0.000520611
1/24/2005,4812.5,0.001913518
1/25/2005,4843.2,0.00635896
1/26/2005,4847.1,0.000804929
1/27/2005,4853.4,0.001298902
1/28/2005,4832.8,-0.00425348
1/31/2005,4852.3,0.00402681
2/1/2005,4906.2,0.011046892
2/2/2005,4916.2,0.002036163
2/3/2005,4908.3,-0.001608225
2/4/2005,4941.5,0.006741279
2/7/2005,4979.8,0.007720801
2/8/2005,4995.5,0.003147778
2/9/2005,4990.4,-0.00102144
2/10/2005,5000,0.001921846
2/11/2005,5044.2,0.008801156
2/14/2005,5041.8,-0.000475907
2/15/2005,5058.9,0.003385907
2/16/2005,5053.2,-0.001127362
2/17/2005,5057.4,0.000830811
2/18/2005,5057.2,-3.95468E-05
2/21/2005,5060.8,0.000711603
2/22/2005,5032.9,-0.005528215
2/23/2005,4988.5,-0.008861095
2/24/2005,4972.1,-0.003292977
2/25/2005,5006.8,0.006954702
2/28/2005,4968.5,-0.007679005
3/1/2005,5000.5,0.006419924
3/2/2005,4992.8,-0.001541033
3/3/2005,5014.8,0.004396666
3/4/2005,5036.3,0.004278145
3/7/2005,5027.2,-0.001808516
3/8/2005,5010.9,-0.003247629
3/9/2005,4996.1,-0.002957932
3/10/2005,4962.1,-0.00682857
3/11/2005,4982,0.004002379
3/14/2005,4975,-0.001406046
3/15/2005,5000.2,0.005052541
3/16/2005,4937.6,-0.012598528
3/17/2005,4922.1,-0.003144114
3/18/2005,4923.3,0.000243769
3/21/2005,4933.5,0.002069638
3/22/2005,4937.3,0.000769948
3/23/2005,4910.4,-0.005463218
3/24/2005,4922.5,0.002461127
3/29/2005,4919,-0.000711274
3/30/2005,4900.7,-0.003727206
3/31/2005,4894.4,-0.001286358
4/1/2005,4914,0.00399658
4/4/2005,4896.7,-0.003526765
4/5/2005,4942.9,0.009390695
4/6/2005,4947.4,0.000909983
4/7/2005,4977,0.005965114
4/8/2005,4983.6,0.001325222
4/11/2005,4973.2,-0.002089025
4/12/2005,4946.2,-0.005443891
4/13/2005,4960.8,0.002947413
4/14/2005,4945.4,-0.003109166
4/15/2005,4891.6,-0.010938403
4/18/2005,4827.1,-0.013273575
4/19/2005,4855.6,0.005886805
4/20/2005,4822,-0.006943898
4/21/2005,4819.6,-0.000497843
4/22/2005,4849.3,0.006143428
4/25/2005,4864.9,0.003211796
4/26/2005,4845.5,-0.003995721
4/27/2005,4789.4,-0.011645297
4/28/2005,4790.2,0.000167022
4/29/2005,4801.7,0.002397858
5/3/2005,4861.2,0.012315299
5/4/2005,4882.5,0.004372063
5/5/2005,4902.3,0.004047099
5/6/2005,4918.9,0.003380446
5/9/2005,4910.3,-0.001749889
5/10/2005,4892.4,-0.003652059
5/11/2005,4875.4,-0.003480828
5/12/2005,4893.2,0.003644334
5/13/2005,4886.5,-0.001370185
5/16/2005,4884.2,-0.000470795
5/17/2005,4898.5,0.00292353
5/18/2005,4949.4,0.010337321
5/19/2005,4962.7,0.00268359
5/20/2005,4971.8,0.001832
5/23/2005,4989.8,0.003613881
5/24/2005,4982.5,-0.001464056
5/25/2005,4971.5,-0.002210168
5/26/2005,4994.9,0.004695786
5/27/2005,4986.3,-0.00172324
5/31/2005,4964,-0.004482284
6/1/2005,5011,0.009423629
6/2/2005,5005,-0.001198083
6/3/2005,4999.4,-0.001119508
6/6/2005,4980.4,-0.003807696
6/7/2005,5025.2,0.008955045
6/8/2005,5003.7,-0.004287615
6/9/2005,5009.2,0.001098583
6/10/2005,5030.4,0.004223282
6/13/2005,5050.4,0.003967944
6/14/2005,5046.8,-0.000713069
6/15/2005,5019.5,-0.005424052
6/16/2005,5045,0.005067327
6/17/2005,5077.6,0.006441055
6/20/2005,5072,-0.001103492
6/21/2005,5082.1,0.001989345
6/22/2005,5099.3,0.003378713
6/23/2005,5114.4,0.002956815
6/24/2005,5079,-0.006945699
6/27/2005,5043.5,-0.007014106
6/28/2005,5090.4,0.009256127
6/29/2005,5109.1,0.003666851
6/30/2005,5113.2,0.000802168
7/1/2005,5161,0.009304928
7/4/2005,5184.3,0.004504469
7/5/2005,5190.1,0.001118137
7/6/2005,5229.6,0.007581829
7/7/2005,5158.3,-0.013727725
7/8/2005,5232.2,0.014224772
7/11/2005,5242.4,0.001947569
7/12/2005,5217.2,-0.004818549
7/13/2005,5245.9,0.00548596
7/14/2005,5259.7,0.002627172
7/15/2005,5230.8,-0.005509761
7/18/2005,5214.2,-0.003178557
7/19/2005,5201.5,-0.002438628
7/20/2005,5215.2,0.002630393
7/21/2005,5221.6,0.00122643
7/22/2005,5241.8,0.003861082
7/25/2005,5270.7,0.00549823
7/26/2005,5256.2,-0.002754849
7/27/2005,5263.6,0.001406871
7/28/2005,5270.3,0.001272084
7/29/2005,5282.3,0.002274322
8/1/2005,5290.8,0.001607854
8/2/2005,5327.5,0.006912622
8/3/2005,5332.3,0.00090058
8/4/2005,5315.5,-0.003155584
8/5/2005,5314.7,-0.000150515
8/8/2005,5344.3,0.005554006
8/9/2005,5363.7,0.003623463
8/10/2005,5377.5,0.002569547
8/11/2005,5358.6,-0.003520835
8/12/2005,5345.8,-0.002391541
8/15/2005,5344.2,-0.000299345
8/16/2005,5322.3,-0.00410632
8/17/2005,5292.7,-0.005577028
8/18/2005,5269.3,-0.004430986
8/19/2005,5312.6,0.008183831
8/22/2005,5318.4,0.001091149
8/23/2005,5300.2,-0.003427951
8/24/2005,5275.2,-0.004727962
8/25/2005,5255.7,-0.003703391
8/26/2005,5228.1,-0.005265279
8/30/2005,5255.8,0.005284305
8/31/2005,5296.9,0.007789515
9/1/2005,5328.5,0.005948029
9/2/2005,5326.8,-0.00031909
9/5/2005,5337.8,0.0020629
9/6/2005,5359.2,0.004001127
9/7/2005,5365.9,0.001249406
9/8/2005,5340.8,-0.004688661
9/9/2005,5359.3,0.003457915
9/12/2005,5375.1,0.002943809
9/13/2005,5338,-0.006926128
9/14/2005,5347.4,0.00175941
9/15/2005,5383.5,0.006728259
9/16/2005,5407.9,0.004522127
9/19/2005,5429.7,0.004023036
9/20/2005,5416.4,-0.002452496
9/21/2005,5369.7,-0.008659347
9/22/2005,5385.7,0.002975252
9/23/2005,5413.6,0.005167013
9/26/2005,5453.1,0.007269948
9/27/2005,5447.3,-0.001064181
9/28/2005,5494.8,0.008682117
9/29/2005,5478.2,-0.003025611
9/30/2005,5477.7,-9.1275E-05
10/3/2005,5501.5,0.004335477
10/4/2005,5494.4,-0.001291391
10/5/2005,5427.8,-0.012195496
10/6/2005,5372.4,-0.010259159
10/7/2005,5362.3,-0.001881749
10/10/2005,5374.5,0.002272559
10/11/2005,5380.7,0.001152931
10/12/2005,5342.2,-0.007180924
10/13/2005,5265.2,-0.014518422
10/14/2005,5275,0.001859548
10/17/2005,5286.5,0.002177722
10/18/2005,5263.9,-0.004284204
10/19/2005,5167.8,-0.018425131
10/20/2005,5164.1,-0.000716228
10/21/2005,5142.1,-0.004269281
10/24/2005,5207.6,0.012657541
10/25/2005,5182.1,-0.004908718
10/26/2005,5227.8,0.00878016
10/27/2005,5182.8,-0.008645089
10/28/2005,5213.4,0.005886783
10/31/2005,5317.3,0.019733422
11/1/2005,5344.3,0.005064917
11/2/2005,5358.6,0.002672175
11/3/2005,5431.9,0.013586234
11/4/2005,5423.6,-0.001529179
11/7/2005,5460.8,0.006835498
11/8/2005,5460.9,1.83122E-05
11/9/2005,5439.8,-0.003871316
11/10/2005,5423.5,-0.003000932
11/11/2005,5465.1,0.007641056
11/14/2005,5470,0.000896197
11/15/2005,5439.6,-0.005573088
11/16/2005,5430,-0.001766395
11/17/2005,5460,0.005509656
11/18/2005,5498.9,0.007099282
11/21/2005,5497.9,-0.000181871
11/22/2005,5517.2,0.003504284
11/23/2005,5531.7,0.002624697
11/24/2005,5511,-0.003749087
11/25/2005,5523.8,0.002319934
11/28/2005,5477.4,-0.008435493
11/29/2005,5491,0.002479852
11/30/2005,5423.2,-0.012424341
12/1/2005,5486.1,0.011531573
12/2/2005,5528.1,0.007626555
12/5/2005,5510.4,-0.00320696
12/6/2005,5538.8,0.005140655
12/7/2005,5528.8,-0.001807077
12/8/2005,5531.1,0.000415917
12/9/2005,5517.4,-0.002479976
12/12/2005,5501.5,-0.002885953
12/13/2005,5507.2,0.001035545
12/14/2005,5521.1,0.002520789
12/15/2005,5495.3,-0.004683934
12/16/2005,5531.6,0.006583923
12/19/2005,5539.8,0.001481294
12/20/2005,5547.9,0.001461079
12/21/2005,5587.4,0.007094585
12/22/2005,5597,0.001716677
12/23/2005,5595.4,-0.000285908
12/28/2005,5622.8,0.004884929
12/29/2005,5638.3,0.002752841
12/30/2005,5618.8,-0.003464484
1/3/2006,5681.5,0.011097164
1/4/2006,5714.6,0.005809021
1/5/2006,5691.2,-0.004103181
1/6/2006,5731.8,0.007108495
1/9/2006,5731.5,-5.23409E-05
1/10/2006,5688.8,-0.007477947
1/11/2006,5731.5,0.007477947
1/12/2006,5735.1,0.000627911
1/13/2006,5711,-0.004211048
1/16/2006,5740.2,0.005099913
1/17/2006,5699,-0.007203332
1/18/2006,5663.7,-0.006213332
1/19/2006,5693.2,0.005195091
1/20/2006,5672.4,-0.003660172
1/23/2006,5660.9,-0.002029418
1/24/2006,5633.8,-0.00479872
1/25/2006,5704.4,0.012453637
1/26/2006,5722.6,0.003185441
1/27/2006,5786.8,0.011156214
1/30/2006,5779.8,-0.001210382
1/31/2006,5760.3,-0.003379523
2/1/2006,5801.6,0.007144185
2/2/2006,5747.3,-0.009403562
2/3/2006,5759.3,0.00208576
2/6/2006,5772.4,0.002271999
2/7/2006,5746.8,-0.00444476
2/8/2006,5725.1,-0.003783162
2/9/2006,5808.7,0.014496777
2/10/2006,5764.1,-0.007707767
2/13/2006,5793.5,0.005087572
2/14/2006,5792.3,-0.00020715
2/15/2006,5791.5,-0.000138124
2/16/2006,5828.9,0.006436978
2/17/2006,5846.2,0.002963574
2/20/2006,5863,0.00286954
2/21/2006,5857.7,-0.000904383
2/22/2006,5872.4,0.002506374
2/23/2006,5836,-0.006217778
2/24/2006,5860.5,0.004189294
2/27/2006,5875.9,0.002624316
2/28/2006,5791.5,-0.014467914
3/1/2006,5844.1,0.00904128
3/2/2006,5833,-0.001901158
3/3/2006,5858.7,0.004396288
3/6/2006,5897.8,0.006651664
3/7/2006,5857.4,-0.006873581
3/8/2006,5812.9,-0.007626233
3/9/2006,5855.9,0.007370114
3/10/2006,5907.9,0.008840738
3/13/2006,5952.8,0.007571259
3/14/2006,5950.6,-0.000369642
3/15/2006,5965.1,0.002433765
3/16/2006,5993.2,0.004699673
3/17/2006,5999.4,0.001033971
3/20/2006,5991.7,-0.001284286
3/21/2006,5991.3,-6.67612E-05
3/22/2006,6007.5,0.002700272
3/23/2006,5990.1,-0.002900582
3/24/2006,6036.3,0.007683135
3/27/2006,5972.2,-0.010675873
3/28/2006,5935.7,-0.006130403
3/29/2006,5959.2,0.003951278
3/30/2006,6015.2,0.009353355
3/31/2006,5964.6,-0.008447604
4/3/2006,6024.3,0.009959295
4/4/2006,6004.7,-0.003258794
4/5/2006,6044.1,0.006540094
4/6/2006,6045.7,0.000264686
4/7/2006,6026.1,-0.00324724
4/10/2006,6067,0.006764214
4/11/2006,6016.5,-0.008358554
4/12/2006,6000.8,-0.002612901
4/13/2006,6029.4,0.00475471
4/18/2006,6044.1,0.002435086
4/19/2006,6089.8,0.007532651
4/20/2006,6081.4,-0.001380308
4/21/2006,6132.7,0.008400177
4/24/2006,6098.7,-0.005559476
4/25/2006,6086.6,-0.001986
4/26/2006,6104.3,0.002903807
4/27/2006,6060,-0.007283641
4/28/2006,6023.1,-0.006107723
5/2/2006,6082.1,0.009747954
5/3/2006,6010,-0.011925283
5/4/2006,6036.9,0.004465887
5/5/2006,6091.7,0.009036554
5/8/2006,6067.1,-0.004046457
5/9/2006,6105.6,0.006325651
5/10/2006,6083.4,-0.003642633
5/11/2006,6042,-0.006828667
5/12/2006,5912.1,-0.021733985
5/15/2006,5841.3,-0.012047723
5/16/2006,5846.2,0.000838503
5/17/2006,5675.5,-0.029633212
5/18/2006,5671.6,-0.0006874
5/19/2006,5657.4,-0.002506842
5/22/2006,5532.7,-0.02228848
5/23/2006,5678.7,0.026046391
5/24/2006,5587.1,-0.016261964
5/25/2006,5677.7,0.016085852
5/26/2006,5791,0.019758767
5/30/2006,5652,-0.024295523
5/31/2006,5723.8,0.012623456
6/1/2006,5749.7,0.004514759
6/2/2006,5764.6,0.002588088
6/5/2006,5762.1,-0.000433776
6/6/2006,5669.8,-0.016148148
6/7/2006,5706.3,0.006416984
6/8/2006,5562.9,-0.025451273
6/9/2006,5655.2,0.016455921
6/12/2006,5620.9,-0.006083682
6/13/2006,5519.6,-0.0181864
6/14/2006,5506.8,-0.002321702
6/15/2006,5619.3,0.020223409
6/16/2006,5597.4,-0.003904897
6/19/2006,5626.1,0.00511428
6/20/2006,5658.2,0.005689336
6/21/2006,5665,0.001201074
6/22/2006,5684.1,0.003365909
6/23/2006,5692.1,0.001406445
6/26/2006,5681.2,-0.001916771
6/27/2006,5652.3,-0.005099936
6/28/2006,5678.6,0.004642182
6/29/2006,5791.5,0.019686602
6/30/2006,5833.4,0.007208695
7/3/2006,5884.4,0.008704761
7/4/2006,5883.5,-0.000152958
7/5/2006,5826.7,-0.009701021
7/6/2006,5890,0.010805195
7/7/2006,5888.9,-0.000186775
7/10/2006,5896.9,0.001357566
7/11/2006,5857.3,-0.006738043
7/12/2006,5860.6,0.000563241
7/13/2006,5765,-0.016446834
7/14/2006,5707.6,-0.010006534
7/17/2006,5701,-0.001157022
7/18/2006,5681.7,-0.003391114
7/19/2006,5778,0.016807118
7/20/2006,5770.9,-0.001229554
7/21/2006,5719.7,-0.008911691
7/24/2006,5833.9,0.019769374
7/25/2006,5851.2,0.002961038
7/26/2006,5877.1,0.004416675
7/27/2006,5929.5,0.008876449
7/28/2006,5974.9,0.007627469
7/31/2006,5928.3,-0.007829867
8/1/2006,5880.8,-0.008044687
8/2/2006,5932.1,0.008685475
8/3/2006,5838.4,-0.015921495
8/4/2006,5889.4,0.008697338
8/7/2006,5828.8,-0.010342978
8/8/2006,5818.1,-0.001837399
8/9/2006,5860.5,0.007261176
8/10/2006,5823.4,-0.006350641
8/11/2006,5820.1,-0.00056684
8/14/2006,5870.9,0.0086905
8/15/2006,5897.9,0.004588411
8/16/2006,5896.6,-0.000220442
8/17/2006,5900.4,0.000644232
8/18/2006,5903.4,0.000508311
8/21/2006,5915.2,0.001996853
8/22/2006,5902.6,-0.002132377
8/23/2006,5860,-0.007243328
8/24/2006,5869.1,0.001551697
8/25/2006,5878.6,0.001617338
8/29/2006,5888.3,0.001648693
8/30/2006,5929.3,0.006938831
8/31/2006,5906.1,-0.003920447
9/1/2006,5949.1,0.007254233
9/4/2006,5986.6,0.006283691
9/5/2006,5981.7,-0.00081883
9/6/2006,5929.3,-0.008798646
9/7/2006,5858.1,-0.012080843
9/8/2006,5879.3,0.003612388
9/11/2006,5850.8,-0.004859303
9/12/2006,5895.5,0.007610944
9/13/2006,5892.2,-0.000559906
9/14/2006,5877.2,-0.002548984
9/15/2006,5877,-3.40304E-05
9/18/2006,5890.2,0.002243525
9/19/2006,5831.8,-0.009964252
9/20/2006,5866.2,0.005881364
9/21/2006,5896.7,0.005185808
9/22/2006,5822.3,-0.0126975
9/25/2006,5798.3,-0.004130602
9/26/2006,5873.6,0.012902963
9/27/2006,5930.1,0.009573343
9/28/2006,5971.3,0.006923583
9/29/2006,5960.8,-0.001759959
10/2/2006,5957.8,-0.000503415
10/3/2006,5937.1,-0.003480487
10/4/2006,5966.5,0.004939692
10/5/2006,6004.5,0.006348697
10/6/2006,6001.2,-0.000549739
10/9/2006,6030.9,0.004936804
10/10/2006,6072.7,0.006907063
10/11/2006,6073.5,0.000131728
10/12/2006,6121.3,0.007839447
10/13/2006,6157.3,0.005863878
10/16/2006,6172.4,0.002449371
10/17/2006,6108.6,-0.010390127
10/18/2006,6150.4,0.006819506
10/19/2006,6156,0.000910096
10/20/2006,6155.2,-0.000129963
10/23/2006,6166.1,0.001769294
10/24/2006,6182.5,0.002656173
10/25/2006,6214.6,0.005178642
10/26/2006,6184.8,-0.004806693
10/27/2006,6160.9,-0.003871798
10/30/2006,6126.8,-0.00555028
10/31/2006,6129.2,0.000391645
11/1/2006,6149.6,0.003322803
11/2/2006,6149.3,-4.87849E-05
11/3/2006,6148.1,-0.000195163
11/6/2006,6224.5,0.012350027
11/7/2006,6244,0.003127885
11/8/2006,6239,-0.00080109
11/9/2006,6231.5,-0.001202839
11/10/2006,6208.4,-0.00371386
11/13/2006,6194.2,-0.002289843
11/14/2006,6186.6,-0.001227708
11/15/2006,6229.8,0.006958567
11/16/2006,6254.9,0.004020927
11/17/2006,6192,-0.01010702
11/20/2006,6204.5,0.002016699
11/21/2006,6202.6,-0.000306276
11/22/2006,6160.3,-0.006843081
11/23/2006,6140,-0.003300735
11/24/2006,6122.1,-0.002919567
11/27/2006,6050.1,-0.011830374
11/28/2006,6025.9,-0.004007955
11/29/2006,6084.4,0.009661273
11/30/2006,6048.8,-0.005868213
12/1/2006,6021.5,-0.004523508
12/4/2006,6050.4,0.004787988
12/5/2006,6086.4,0.005932388
12/6/2006,6090.3,0.000640568
12/7/2006,6131.5,0.006742077
12/8/2006,6152.4,0.003402831
12/11/2006,6159.8,0.00120206
12/12/2006,6156.4,-0.000552118
12/13/2006,6192.5,0.005846691
12/14/2006,6228,0.005716372
12/15/2006,6260,0.005124931
12/18/2006,6247.4,-0.002014808
12/19/2006,6203.9,-0.006987251
12/20/2006,6198.6,-0.000854666
12/21/2006,6183.7,-0.002406662
12/22/2006,6190,0.001018289
12/27/2006,6245.2,0.008878082
12/28/2006,6240.9,-0.000688766
12/29/2006,6220.8,-0.003225887
1/2/2007,6310.9,0.014379781
1/3/2007,6319,0.001282671
1/4/2007,6287,-0.005076958
1/5/2007,6220.1,-0.010698026
1/8/2007,6194.2,-0.004172613
1/9/2007,6196.1,0.000306692
1/10/2007,6160.7,-0.005729654
1/11/2007,6230.1,0.011201977
1/12/2007,6239,0.001427529
1/15/2007,6263.5,0.003919221
1/16/2007,6215.7,-0.007660785
1/17/2007,6204.5,-0.001803514
1/18/2007,6210.3,0.000934369
1/19/2007,6237.2,0.00432216
1/22/2007,6218.4,-0.003018725
1/23/2007,6227.6,0.001478387
1/24/2007,6314.8,0.013905059
1/25/2007,6269.3,-0.007231379
1/26/2007,6228,-0.006609452
1/29/2007,6239.9,0.001908903
1/30/2007,6242,0.000336487
1/31/2007,6203.1,-0.006251477
2/1/2007,6282.2,0.012671071
2/2/2007,6310.9,0.00455806
2/5/2007,6317.9,0.001108577
2/6/2007,6346.3,0.004485091
2/7/2007,6369.5,0.003649008
2/8/2007,6346.4,-0.003633251
2/9/2007,6382.8,0.00571915
2/12/2007,6353.5,-0.00460103
2/13/2007,6381.8,0.004444347
2/14/2007,6421.2,0.006154827
2/15/2007,6433.3,0.00188261
2/16/2007,6419.5,-0.002147393
2/19/2007,6444.4,0.003871304
2/20/2007,6412.3,-0.004993516
2/21/2007,6357.1,-0.008645722
2/22/2007,6380.9,0.003736855
2/23/2007,6401.5,0.003223185
2/26/2007,6434.7,0.005172882
2/27/2007,6286.1,-0.023364373
2/28/2007,6171.5,-0.018398926
3/1/2007,6116,-0.009033632
3/2/2007,6116.2,3.27006E-05
3/5/2007,6058.7,-0.009445733
3/6/2007,6138.5,0.013085157
3/7/2007,6156.5,0.002928022
3/8/2007,6227.7,0.011498649
3/9/2007,6245.2,0.002806085
3/12/2007,6233.3,-0.001907281
3/13/2007,6161.2,-0.011634324
3/14/2007,6000.7,-0.026395435
3/15/2007,6133.2,0.021840507
3/16/2007,6130.6,-0.000424012
3/19/2007,6189.4,0.009545527
3/20/2007,6220.3,0.004979986
3/21/2007,6256.8,0.005850735
3/22/2007,6318,0.00973383
3/23/2007,6339.4,0.003381424
3/26/2007,6291.9,-0.007521035
3/27/2007,6292.6,0.000111248
3/28/2007,6267.2,-0.004044656
3/29/2007,6324.2,0.00905386
3/30/2007,6308,-0.002564875
4/2/2007,6315.5,0.00118826
4/3/2007,6366.1,0.007980108
4/4/2007,6364.7,-0.000219939
4/5/2007,6397.3,0.005108928
4/10/2007,6417.8,0.003199353
4/11/2007,6413.3,-0.000701421
4/12/2007,6416.4,0.000483254
4/13/2007,6462.4,0.007143553
4/16/2007,6516.2,0.008290618
4/17/2007,6497.8,-0.002827726
4/18/2007,6449.4,-0.007476555
4/19/2007,6440.6,-0.0013654
4/20/2007,6486.8,0.007147639
4/23/2007,6479.7,-0.00109513
4/24/2007,6429.5,-0.007777438
4/25/2007,6461.9,0.005026617
4/26/2007,6469.4,0.001159976
4/27/2007,6418.7,-0.007867764
4/30/2007,6449.2,0.004740487
5/1/2007,6419.6,-0.004600282
5/2/2007,6484.5,0.010058903
5/3/2007,6537.8,0.008186004
5/4/2007,6603.7,0.010029381
5/8/2007,6550.4,-0.008103982
5/9/2007,6549.6,-0.000122137
5/10/2007,6524.1,-0.003900966
5/11/2007,6565.7,0.006356115
5/14/2007,6555.5,-0.001554736
5/15/2007,6568.6,0.001996328
5/16/2007,6559.5,-0.001386339
5/17/2007,6579.3,0.003013976
5/18/2007,6640.9,0.00931914
5/21/2007,6636.8,-0.000617577
5/22/2007,6606.6,-0.00456077
5/23/2007,6616.4,0.001482266
5/24/2007,6565.4,-0.00773798
5/25/2007,6570.5,0.000776498
5/29/2007,6606.5,0.00546408
5/30/2007,6602.1,-0.000666233
5/31/2007,6621.4,0.002919048
6/1/2007,6676.7,0.008317026
6/4/2007,6664.1,-0.001888943
6/5/2007,6632.8,-0.004707873
6/6/2007,6522.7,-0.016738637
6/7/2007,6505.1,-0.002701916
6/8/2007,6505.1,0
6/11/2007,6567.5,0.009546758
6/12/2007,6520.4,-0.007197519
6/13/2007,6559.6,0.005993902
6/14/2007,6649.9,0.013672191
6/15/2007,6732.4,0.012329875
6/18/2007,6703.5,-0.004301914
6/19/2007,6650.2,-0.007982849
6/20/2007,6649.3,-0.000135343
6/21/2007,6596,-0.008048181
6/22/2007,6567.4,-0.004345389
6/25/2007,6588.4,0.003192511
6/26/2007,6559.3,-0.004426637
6/27/2007,6527.6,-0.004844549
6/28/2007,6571.3,0.006672341
6/29/2007,6607.9,0.005554221
7/2/2007,6590.6,-0.002621512
7/3/2007,6639.8,0.007437451
7/4/2007,6673.1,0.005002677
7/5/2007,6635.2,-0.005695709
7/6/2007,6690.1,0.008240011
7/9/2007,6712.7,0.003372433
7/10/2007,6630.9,-0.012260713
7/11/2007,6615.1,-0.002385627
7/12/2007,6697.7,0.012409269
7/13/2007,6716.7,0.002832779
7/16/2007,6697.7,-0.002832779
7/17/2007,6659.1,-0.005779844
7/18/2007,6567.1,-0.013912006
7/19/2007,6640.2,0.011069749
7/20/2007,6585.2,-0.008317377
7/23/2007,6624.4,0.005935095
7/24/2007,6498.7,-0.019157645
7/25/2007,6454.3,-0.006855582
7/26/2007,6251.2,-0.03197313
7/27/2007,6215.2,-0.005775541
7/30/2007,6206.1,-0.001465225
7/31/2007,6360.1,0.024511421
8/1/2007,6250.6,-0.017366641
8/2/2007,6300.3,0.007919792
8/3/2007,6224.3,-0.012136265
8/6/2007,6189.1,-0.005671306
8/7/2007,6308.8,0.019155804
8/8/2007,6393.9,0.013398927
8/9/2007,6271.2,-0.019376687
8/10/2007,6038.3,-0.037845209
8/13/2007,6219,0.029486607
8/14/2007,6143.5,-0.01221451
8/15/2007,6109.3,-0.005582412
8/16/2007,5858.9,-0.041850328
8/17/2007,6064.2,0.034440757
8/20/2007,6078.7,0.002388228
8/21/2007,6086.1,0.001216625
8/22/2007,6196,0.01789644
8/23/2007,6196.9,0.000145244
8/24/2007,6220.1,0.003736817
8/28/2007,6102.2,-0.019136622
8/29/2007,6132.2,0.004904214
